/*
SQLyog Ultimate v12.09 (64 bit)
MySQL - 5.5.62-log : Database - meeting
*********************************************************************
*/

/*!40101 SET NAMES utf8 */;

/*!40101 SET SQL_MODE=''*/;

/*!40014 SET @OLD_UNIQUE_CHECKS=@@UNIQUE_CHECKS, UNIQUE_CHECKS=0 */;
/*!40014 SET @OLD_FOREIGN_KEY_CHECKS=@@FOREIGN_KEY_CHECKS, FOREIGN_KEY_CHECKS=0 */;
/*!40101 SET @OLD_SQL_MODE=@@SQL_MODE, SQL_MODE='NO_AUTO_VALUE_ON_ZERO' */;
/*!40111 SET @OLD_SQL_NOTES=@@SQL_NOTES, SQL_NOTES=0 */;
CREATE DATABASE /*!32312 IF NOT EXISTS*/`meeting` /*!40100 DEFAULT CHARACTER SET utf8 */;

USE `meeting`;

/*Table structure for table `meeting` */

DROP TABLE IF EXISTS `meeting`;

CREATE TABLE `meeting` (
  `id` int(11) NOT NULL AUTO_INCREMENT,
  `add_id` int(11) DEFAULT NULL,
  `address_name` varchar(32) DEFAULT NULL,
  `meeting_address` varchar(32) DEFAULT NULL,
  `meeting_name` varchar(32) DEFAULT NULL,
  `start_time` varchar(32) DEFAULT NULL,
  `end_time` varchar(32) DEFAULT NULL,
  `meeting_phone` varchar(11) DEFAULT NULL,
  `uuid` varchar(32) DEFAULT NULL,
  `lng` double DEFAULT NULL,
  `lat` double DEFAULT NULL,
  `information` text,
  PRIMARY KEY (`id`)
) ENGINE=InnoDB AUTO_INCREMENT=6 DEFAULT CHARSET=utf8;

/*Data for the table `meeting` */

insert  into `meeting`(`id`,`add_id`,`address_name`,`meeting_address`,`meeting_name`,`start_time`,`end_time`,`meeting_phone`,`uuid`,`lng`,`lat`,`information`) values (1,2,'中国安全生产科学研究院(惠新西街)','北京市 朝阳区','cce','2020-02-15 00:00','2020-02-28 00:00','15762323410','392f0a456fdd4da087801e807fb30a29',116.423272,39.990658,'大苏打多所'),(2,2,'前下河村','山东省 临沂市 莒南县','参数','2020-03-09 00:00','2020-03-20 00:00','15762323410','17d3dd049694493fbbb0613c2181c8a7',118.764539,35.294859,'哒哒'),(3,2,'北京JW万豪酒店','北京市 朝阳区','周转点','2020-03-10 00:00','2020-03-12 00:00','15762323410','4f90141eb27d4cd98d80c18c1841825f',116.48826,39.916363,'jkj'),(4,2,'前下河村','山东省 临沂市 莒南县','测试','2020-03-09 00:00','2020-03-20 00:00','15762323410','1199e40a3ec84b43bd9fc16d71f12882',118.764539,35.294859,'擦擦'),(5,2,'前下河村','山东省 临沂市 莒南县','你好','2020-03-10 00:00','2020-03-19 00:00','15762323410','ab8d89b1e3f04c0c81b582a2f471446c',118.764539,35.294859,'啊啊啊');

/*Table structure for table `meeting_persion` */

DROP TABLE IF EXISTS `meeting_persion`;

CREATE TABLE `meeting_persion` (
  `pid` int(20) DEFAULT NULL,
  `mid` int(20) DEFAULT NULL,
  `IsCheck` int(1) DEFAULT '0',
  KEY `pid` (`pid`),
  KEY `mid` (`mid`),
  CONSTRAINT `meeting_persion_ibfk_1` FOREIGN KEY (`pid`) REFERENCES `persons` (`id`) ON DELETE CASCADE ON UPDATE CASCADE,
  CONSTRAINT `meeting_persion_ibfk_2` FOREIGN KEY (`mid`) REFERENCES `meeting` (`id`) ON DELETE CASCADE ON UPDATE CASCADE
) ENGINE=InnoDB DEFAULT CHARSET=utf8;

/*Data for the table `meeting_persion` */

insert  into `meeting_persion`(`pid`,`mid`,`IsCheck`) values (1,1,1),(2,1,0),(3,1,0),(4,1,0),(5,1,0),(6,1,1),(7,1,0),(8,1,0),(9,1,0),(10,1,0),(46,1,0),(46,2,1),(1,3,1),(2,3,1),(3,3,1),(4,3,0),(5,3,0),(6,3,0),(7,3,0),(8,3,0),(9,3,0),(10,3,0),(11,3,0),(12,3,0),(13,3,0),(14,3,0),(15,3,0),(16,3,0),(17,3,0),(18,3,0),(19,3,0),(20,3,0),(21,3,0),(23,3,0),(24,3,0),(25,3,0),(26,3,0),(29,3,0),(31,3,0),(32,3,0),(33,3,0),(37,3,0),(38,3,0),(39,3,0),(41,3,0),(42,3,0),(43,3,0),(44,3,0),(45,3,0),(46,3,0),(47,3,0),(48,3,0),(49,3,0),(50,3,0),(51,3,0),(52,3,0),(53,3,0),(54,3,0),(55,3,0),(56,3,0),(59,3,0),(60,3,1),(63,3,0),(64,3,0),(1,1,0),(2,1,0),(3,1,0),(4,1,0),(5,1,0),(6,1,0),(7,1,0),(8,1,0),(9,1,0),(10,1,0),(11,1,0),(12,1,0),(13,1,0),(14,1,0),(15,1,0),(16,1,0),(17,1,0),(18,1,0),(19,1,0),(20,1,0),(21,1,0),(23,1,0),(24,1,0),(25,1,0),(26,1,0),(29,1,0),(31,1,0),(32,1,0),(33,1,0),(37,1,0),(38,1,0),(39,1,0),(41,1,0),(42,1,0),(43,1,0),(44,1,0),(45,1,0),(46,1,0),(47,1,0),(48,1,0),(49,1,0),(50,1,0),(51,1,0),(52,1,0),(53,1,0),(54,1,0),(55,1,0),(56,1,0),(59,1,0),(60,1,0),(63,1,0),(64,1,0),(1,1,0),(2,1,0),(3,1,0),(4,1,0),(5,1,0),(6,1,0),(7,1,0),(8,1,0),(9,1,0),(10,1,0),(11,1,0),(12,1,0),(13,1,0),(14,1,0),(15,1,0),(16,1,0),(17,1,0),(18,1,0),(19,1,0),(20,1,0),(21,1,0),(23,1,0),(24,1,0),(25,1,0),(26,1,0),(29,1,0),(31,1,0),(32,1,0),(33,1,0),(37,1,0),(38,1,0),(39,1,0),(41,1,0),(42,1,0),(43,1,0),(44,1,0),(45,1,0),(46,1,0),(47,1,0),(48,1,0),(49,1,0),(50,1,0),(51,1,0),(52,1,0),(53,1,0),(54,1,0),(55,1,0),(56,1,0),(59,1,0),(60,1,0),(63,1,0),(64,1,0),(1,4,0),(2,4,1),(3,4,1),(4,4,1),(5,4,0),(6,4,0),(7,4,0),(8,4,0),(9,4,0),(10,4,0),(11,4,0),(12,4,0),(13,4,0),(14,4,0),(15,4,0),(16,4,0),(17,4,0),(18,4,0),(19,4,0),(20,4,0),(21,4,0),(23,4,0),(24,4,0),(25,4,0),(26,4,0),(29,4,0),(31,4,0),(32,4,0),(33,4,0),(37,4,0),(38,4,0),(39,4,0),(41,4,0),(42,4,0),(43,4,0),(44,4,0),(45,4,0),(46,4,1),(47,4,0),(48,4,0),(49,4,0),(50,4,0),(51,4,0),(52,4,0),(53,4,0),(54,4,0),(55,4,0),(56,4,0),(59,4,0),(60,4,0),(63,4,0),(64,4,0),(68,4,0),(1,5,0),(2,5,0),(3,5,0),(4,5,0),(5,5,0),(6,5,0),(7,5,0),(8,5,0),(9,5,0),(10,5,0),(1,5,0),(2,5,0),(3,5,0),(4,5,0),(5,5,0),(6,5,0),(7,5,0),(8,5,0),(9,5,0),(10,5,0),(11,5,0),(12,5,0),(13,5,0),(14,5,0),(15,5,0),(16,5,0),(17,5,0),(18,5,0),(19,5,0),(20,5,0),(21,5,0),(23,5,0),(24,5,0),(25,5,0),(26,5,0),(29,5,0),(31,5,0),(32,5,0),(33,5,0),(37,5,0),(38,5,0),(39,5,0),(41,5,0),(42,5,0),(43,5,0),(44,5,0),(45,5,0),(46,5,0),(47,5,0),(48,5,0),(49,5,0),(50,5,0),(51,5,0),(52,5,0),(53,5,0),(54,5,0),(55,5,0),(56,5,0),(59,5,0),(60,5,0),(63,5,0),(64,5,0),(68,5,0),(69,5,0),(72,5,0),(74,5,0),(80,5,1);

/*Table structure for table `menu` */

DROP TABLE IF EXISTS `menu`;

CREATE TABLE `menu` (
  `id` int(10) NOT NULL AUTO_INCREMENT,
  `role_name` varchar(32) DEFAULT NULL,
  `menu` text,
  PRIMARY KEY (`id`)
) ENGINE=MyISAM AUTO_INCREMENT=3 DEFAULT CHARSET=utf8;

/*Data for the table `menu` */

insert  into `menu`(`id`,`role_name`,`menu`) values (1,'ROLE_USER','{\r\n  \"clearInfo\": {\r\n    \"clearUrl\": \"#\"\r\n  },\r\n  \"homeInfo\": {\r\n    \"title\": \"首页\",\r\n    \"icon\": \"fa fa-home\",\r\n    \"href\": \"welcome.html\"\r\n  },\r\n  \"logoInfo\": {\r\n    \"title\": \"签到系统\",\r\n    \"image\": \"../images/logo.png\",\r\n    \"href\": \"\"\r\n  },\r\n  \"menuInfo\": {\r\n    \"currency\": {\r\n      \"title\": \"常规管理\",\r\n      \"icon\": \"fa fa-address-book\",\r\n      \"child\": [\r\n        {\r\n          \"title\": \"首页\",\r\n          \"href\": \"welcome.html\",\r\n          \"icon\": \"fa fa-home\",\r\n          \"target\": \"_self\"\r\n        },\r\n        {\r\n          \"title\": \"人员管理\",\r\n          \"href\": \"\",\r\n          \"icon\": \"fa fa-info-circle\",\r\n          \"target\": \"_self\",\r\n          \"child\": [\r\n            {\r\n              \"title\": \"人员添加\",\r\n              \"href\": \"upload.html\",\r\n              \"icon\": \"fa fa-sitemap\",\r\n              \"target\": \"_self\"\r\n            },\r\n            {\r\n              \"title\": \"人员查看\",\r\n              \"href\": \"plist.html\",\r\n              \"icon\": \"fa fa-users\",\r\n              \"target\": \"_self\"\r\n            },\r\n          {\r\n              \"title\": \"联系方式\",\r\n              \"href\": \"addphone.html\",\r\n              \"icon\": \"fa fa-users\",\r\n              \"target\": \"_self\"\r\n            }\r\n          ]\r\n        },\r\n        {\r\n          \"title\": \"会议管理\",\r\n          \"href\": \"\",\r\n          \"icon\": \"fa fa-list\",\r\n          \"target\": \"_self\",\r\n          \"child\": [\r\n            {\r\n              \"title\": \"会议添加\",\r\n              \"href\": \"madd.html\",\r\n              \"icon\": \"fa fa-adjust\",\r\n              \"target\": \"_self\"\r\n            },\r\n            {\r\n              \"title\": \"会议设置\",\r\n              \"href\": \"mlist.html\",\r\n              \"icon\": \"fa fa-certificate\",\r\n              \"target\": \"_self\"\r\n            },\r\n             {\r\n              \"title\": \"会议报名\",\r\n              \"href\": \"mlist-select.html\",\r\n              \"icon\": \"fa fa-group\",\r\n              \"target\": \"_self\"\r\n            },\r\n               {\r\n              \"title\": \"签到管理\",\r\n              \"href\": \"sign-m.html\",\r\n              \"icon\": \"fa fa-dot-circle-o\",\r\n              \"target\": \"_self\"\r\n            }\r\n            \r\n          ]\r\n        },\r\n        {\r\n          \"title\": \"日志管理\",\r\n          \"href\": \"\",\r\n          \"icon\": \"fa fa-inbox\",\r\n          \"target\": \"_self\",\r\n          \"child\": [\r\n            {\r\n              \"title\": \"日志管理\",\r\n              \"href\": \"Journal.html\",\r\n              \"icon\": \"fa fa-clock-o\",\r\n              \"target\": \"_self\"\r\n            }\r\n          ]\r\n        }\r\n      ]\r\n    }\r\n  }\r\n}'),(2,'ROLE_ADMIN','{\r\n  \"clearInfo\": {\r\n    \"clearUrl\": \"#\"\r\n  },\r\n  \"homeInfo\": {\r\n    \"title\": \"首页\",\r\n    \"icon\": \"fa fa-home\",\r\n    \"href\": \"swelcome.html\"\r\n  },\r\n  \"logoInfo\": {\r\n    \"title\": \"签到系统\",\r\n    \"image\": \"../images/logo.png\",\r\n    \"href\": \"\"\r\n  },\r\n  \r\n  \"menuInfo\": {\r\n\r\n    \"currency\": {\r\n      \"title\": \"常规管理\",\r\n      \"icon\": \"fa fa-address-book\",\r\n      \"child\": [\r\n        {\r\n          \"title\": \"首页\",\r\n          \"href\": \"swelcome.html\",\r\n          \"icon\": \"fa fa-home\",\r\n          \"target\": \"_self\"\r\n        },\r\n\r\n\r\n        {\r\n          \"title\": \"用户管理\",\r\n          \"href\": \"\",\r\n          \"icon\": \"fa fa-child\",\r\n          \"target\": \"_self\",\r\n          \"child\": [\r\n            {\r\n              \"title\": \"用户添加\",\r\n              \"href\": \"useradd.html\",\r\n              \"icon\": \"fa fa-leaf\",\r\n              \"target\": \"_self\"\r\n            },\r\n            {\r\n              \"title\": \"用户列表\",\r\n              \"href\": \"user.html\",\r\n              \"icon\": \"fa fa-street-view\",\r\n              \"target\": \"_self\"\r\n            }\r\n          ]\r\n        },\r\n      \r\n       \r\n        {\r\n          \"title\": \"日志管理\",\r\n          \"href\": \"\",\r\n          \"icon\": \"fa fa-inbox\",\r\n          \"target\": \"_self\",\r\n          \"child\": [\r\n            {\r\n              \"title\": \"日志查看\",\r\n              \"href\": \"slog.html\",\r\n              \"icon\": \"fa fa-clock-o\",\r\n              \"target\": \"_self\"\r\n            }\r\n          ]\r\n        }\r\n      ]\r\n    }\r\n  }\r\n}');

/*Table structure for table `mini_user` */

DROP TABLE IF EXISTS `mini_user`;

CREATE TABLE `mini_user` (
  `id` int(11) NOT NULL AUTO_INCREMENT,
  `p_id` int(32) DEFAULT NULL,
  `openid` varchar(32) DEFAULT NULL,
  PRIMARY KEY (`id`),
  KEY `pid` (`p_id`),
  CONSTRAINT `pid` FOREIGN KEY (`p_id`) REFERENCES `persons` (`id`) ON DELETE NO ACTION ON UPDATE NO ACTION
) ENGINE=InnoDB AUTO_INCREMENT=2 DEFAULT CHARSET=utf8;

/*Data for the table `mini_user` */

insert  into `mini_user`(`id`,`p_id`,`openid`) values (1,80,'o8o2v4k6ePvEwXJma99DFatP6hR4');

/*Table structure for table `persistent_logins` */

DROP TABLE IF EXISTS `persistent_logins`;

CREATE TABLE `persistent_logins` (
  `username` varchar(64) NOT NULL,
  `series` varchar(64) NOT NULL,
  `token` varchar(64) NOT NULL,
  `last_used` timestamp NOT NULL DEFAULT CURRENT_TIMESTAMP ON UPDATE CURRENT_TIMESTAMP,
  PRIMARY KEY (`series`)
) ENGINE=MyISAM DEFAULT CHARSET=utf8;

/*Data for the table `persistent_logins` */

/*Table structure for table `persons` */

DROP TABLE IF EXISTS `persons`;

CREATE TABLE `persons` (
  `id` int(11) NOT NULL AUTO_INCREMENT,
  `add_id` int(100) DEFAULT NULL,
  `url` varchar(100) DEFAULT NULL,
  `person_name` varchar(10) DEFAULT NULL,
  `phone` varchar(20) DEFAULT NULL,
  `add_time` varchar(100) DEFAULT NULL,
  `uuid` varchar(100) DEFAULT NULL,
  PRIMARY KEY (`id`)
) ENGINE=InnoDB AUTO_INCREMENT=81 DEFAULT CHARSET=utf8;

/*Data for the table `persons` */

insert  into `persons`(`id`,`add_id`,`url`,`person_name`,`phone`,`add_time`,`uuid`) values (1,2,'group1/M00/00/00/rBUAB15H6veAEsH0AABbBXPXLoA50..jpg','你好看','','2020-02-15 20:58:31','39ff0f13b919420386a3e34677e365f9'),(2,2,'group1/M00/00/00/rBUAB15H6veAZOhzAABHQVRCGis31..jpg','13 1','','2020-02-15 20:58:31','0b4fc182bf2f47fb960951f4039ba6ba'),(3,2,'group1/M00/00/00/rBUAB15H6veACmBPAABO8JpkGFM53..jpg','age','','2020-02-15 20:58:31','238b9ce5202646b198d838554e2fb64d'),(4,2,'group1/M00/00/00/rBUAB15H6veAdnzKAABiC5kBOg487..jpg','dasd','','2020-02-15 20:58:31','2dd218476cde4f0f872dd70001343ea4'),(5,2,'group1/M00/00/00/rBUAB15H6veASDYbAABJwwsKyig89..jpg','dasdas','','2020-02-15 20:58:31','a08957504c3f4b75aeea67b658fe7bc1'),(6,2,'group1/M00/00/00/rBUAB15H6veAfq6XAABKDWmgvhE99..jpg','dddd','','2020-02-15 20:58:31','840f2ca3384149598a991e93e8b74e6d'),(7,2,'group1/M00/00/00/rBUAB15H6vqAPbbCAAAuHd1hmOI70..jpg','eq','','2020-02-15 20:58:34','6bcd52e70cb54b04b847bb15d4dada6b'),(8,2,'group1/M00/00/00/rBUAB15H6vqAE0miAABylssOWTU95..jpg','dsadas','','2020-02-15 20:58:34','e7011287eebb41299eee5c7c9dbdcf5d'),(9,2,'group1/M00/00/00/rBUAB15H6vqAS03oAABc58eawEc31..jpg','ddd','','2020-02-15 20:58:34','5e26203132ab47f793bf7180149a39f3'),(10,2,'group1/M00/00/00/rBUAB15H6vqAGTVOAABWt7MuQgU83..jpg','eee','','2020-02-15 20:58:34','2900050888584745949cb3d6e998dd3a'),(11,2,'group1/M00/00/00/rBUAB15H6vqAckHGAABDj6GSyxA58..jpg','sa','','2020-02-15 20:58:34','79ea00b1e2b14eeba9020d69e29286c6'),(12,2,'group1/M00/00/00/rBUAB15H6vqASNR4AABbGEzV2iw38..jpg','logo','','2020-02-15 20:58:34','d31fe0ca4c864a0db779df4284abe3fb'),(13,2,'group1/M00/00/00/rBUAB15H6vyAQ2JHAABiFyETMZk06..jpg','sad','','2020-02-15 20:58:36','e584d01134fb477091a7d02b312ffed1'),(14,2,'group1/M00/00/00/rBUAB15H6vyALa46AABv88f3Ieo18..jpg','sdd','','2020-02-15 20:58:36','0cf4a25880bd41948ded68a91616d36f'),(15,2,'group1/M00/00/00/rBUAB15H6vyANWGZAABAeOj9lUs54..jpg','阿斯达是','','2020-02-15 20:58:36','0ea4b4e0a59b4b6bbdd17d67ba37bf39'),(16,2,'group1/M00/00/00/rBUAB15H6vyAEYEnAABtpsg0MKU77..jpg','nai1','','2020-02-15 20:58:36','13b2f98e7a0948cbb7f4d9e40621db3e'),(17,2,'group1/M00/00/00/rBUAB15H6v2ADOI0AABz4S8qF_881..jpg','成果','','2020-02-15 20:58:37','2c170e51a17d4299a962b853ccb12e50'),(18,2,'group1/M00/00/00/rBUAB15H6v2AJKtdAAEOTka6FNc97..jpg','阿斯顿','','2020-02-15 20:58:37','16b89ba18b684cb9b71adb4a1cf91e0c'),(19,2,'group1/M00/00/00/rBUAB15H6v6AdDpsAAA-VIv3xUg22..jpg','哒哒','','2020-02-15 20:58:38','40136abffed341fa91ed9dc7866e9858'),(20,2,'group1/M00/00/00/rBUAB15H6v-AcC-0AABFp6dItMg99..jpg','大','','2020-02-15 20:58:39','12bb84abfa7242dc955a1828cf5e5537'),(21,2,'group1/M00/00/00/rBUAB15H6wCAOHVBAABF8ykCdYY47..jpg','大三·','','2020-02-15 20:58:40','62eb89ef556e48ebb4e735323eb80c3b'),(23,2,'group1/M00/00/00/rBUAB15H6wGARziYAAB54jGe61Y29..jpg','大苏打','','2020-02-15 20:58:41','b1eee0b6c5b04b03a9ea98a606ca5f04'),(24,2,'group1/M00/00/00/rBUAB15H6wSAEAzHAABcNjit2-w67..jpg','读取文档群','','2020-02-15 20:58:44','5c84ac274b3f475ea1650e4ba8d65406'),(25,2,'group1/M00/00/00/rBUAB15H6wSAbnvnAAA-8Ox-5pM66..jpg','二娃','','2020-02-15 20:58:44','1bb6c3c56ae445acb262606b5bd3dcc5'),(26,2,'group1/M00/00/00/rBUAB15H6wWAfqpsAAA26PjdSkM12..jpg','红巨人','','2020-02-15 20:58:45','f1b4f2d624b74116919aa0c9db720014'),(29,2,'group1/M00/00/00/rBUAB15H6wiAMxKqAABU9cq_Xp013..jpg','猫眼','','2020-02-15 20:58:48','9d9939623317467c9ddecacdf4c4a604'),(31,2,'group1/M00/00/00/rBUAB15H6wiAOXgFAAA_veMAZJU32..jpg','七娃','','2020-02-15 20:58:48','0949ad14ad77443abdd165a22d0cce96'),(32,2,'group1/M00/00/00/rBUAB15H6wiAK3rgAAA24-JKTfE79..jpg','青寡妇','','2020-02-15 20:58:48','325bc15fe3d5464b91c57640a3c58081'),(33,2,'group1/M00/00/00/rBUAB15H6wqAbfh0AABR5tXQ2fc09..jpg','三','','2020-02-15 20:58:50','826715e998234e9492ed9637a277e48b'),(37,2,'group1/M00/00/00/rBUAB15H6wuANDu3AAA73Djgfpg96..jpg','玩玩','','2020-02-15 20:58:51','5479b3a8532a4a23842e6c7eb85066db'),(38,2,'group1/M00/00/00/rBUAB15H6wyANG-IAAA69_eTZSM75..jpg','王力宏','','2020-02-15 20:58:52','b6bbc689c53f4b9c8bb95136442997c4'),(39,2,'group1/M00/00/00/rBUAB15H6wyAeEXeAABN9Q8HAs094..jpg','王五','','2020-02-15 20:58:52','58d3f4c96f164a2bb25059098eb78d92'),(41,2,'group1/M00/00/00/rBUAB15H6w6AJ9BGAABe4WSyVho35..jpg','下单','','2020-02-15 20:58:54','43c14dd953594b04966e57000678a8fb'),(42,2,'group1/M00/00/00/rBUAB15H6w-AaNJyAABXmmN_l6w82..jpg','下载 (1)','','2020-02-15 20:58:55','26f0a47c1c994b66abb2719d7a290956'),(43,2,'group1/M00/00/00/rBUAB15H6w-ABtJ0AABUzPXJbHY44..jpg','下面','','2020-02-15 20:58:55','f7477b72538841df9ba4f87d13c76bcb'),(44,2,'group1/M00/00/00/rBUAB15H6xKAKMrhAABg2AeoA1Y77..jpg','下载 (3)','','2020-02-15 20:58:58','589651db32a14c25b586dbe4d3ae2b4f'),(45,2,'group1/M00/00/00/rBUAB15H6xKAWzhKAAAx2qjhrjw71..jpg','想','','2020-02-15 20:58:58','598df08132284f46b672657e2d44fafc'),(46,2,'group1/M00/00/00/rBUAB15H6xOAehL7AAHPfKp_qqg50..jpg','不知名弟弟','15762323410','2020-02-15 20:58:59','df923b479f86407e9d432c8e9343da5c'),(47,2,'group1/M00/00/00/rBUAB15H6xOADynUAAB_8GjMA_M04..jpg','下载','','2020-02-15 20:58:59','5ce8212176c8466fad04a62081346c2c'),(48,2,'group1/M00/00/00/rBUAB15H6xOAWygZAABODNVbuvg43..jpg','虚鲲','','2020-02-15 20:58:59','38728562c239465cb24d813c4c0e6dd4'),(49,2,'group1/M00/00/00/rBUAB15H6xOATYQKAAFH6Qxp9ps80..jpg','下载 (2)','','2020-02-15 20:58:59','2315f1f615d349f7a9d9c8e4cec5b40c'),(50,2,'group1/M00/00/00/rBUAB15H6xeAGIqLAAJD_Rb3KOQ58..jpg','杨幂','','2020-02-15 20:59:03','e86bf7df740f4375a5fa6fd8a5baa4d5'),(51,2,'group1/M00/00/00/rBUAB15V6iaAAiM8AABylssOWTU81..jpg','ad','','2020-02-26 11:46:46','94505d70884e4bfbbc82bb122adac69c'),(52,2,'group1/M00/00/00/rBUAB15lFJ-AC-kHAABbBXPXLoA75..jpg','dadas','','2020-03-08 23:51:59','f44230f8fa34416a9e9aa1713eec4629'),(53,2,'group1/M00/00/00/rBUAB15lFKCAPPK7AABylssOWTU95..jpg','白饭','','2020-03-08 23:52:00','93efa2d0902346b48a0734ecec22a000'),(54,2,'group1/M00/00/00/rBUAB15lFKCARCkUAABtpsg0MKU45..jpg','变形金刚侠','','2020-03-08 23:52:00','c19b37f9700d46bfaa4f88a6aeb207d0'),(55,2,'group1/M00/00/00/rBUAB15lFKCAXpYhAAEOTka6FNc08..jpg','哒哒13','','2020-03-08 23:52:00','d828fbecb99f42d696dc03893598c0d4'),(56,2,'group1/M00/00/00/rBUAB15lFKGAMi2jAAA-VIv3xUg65..jpg','大哥我','','2020-03-08 23:52:01','0a4292ebe9dd48ba9b1b5bb5a3be9f9f'),(59,2,'group1/M00/00/00/rBUAB15lFKSAdyHiAABnnf--rAU35..jpg','大娃12','','2020-03-08 23:52:04','3b4c3e63ac97406985d562dd508525ba'),(60,2,'group1/M00/00/00/rBUAB15lFKSAVBsIAACSJB6BqOU62..jpg','大王','','2020-03-08 23:52:04','af78470ba4754f8f8a4e15851d5823f7'),(63,2,'group1/M00/00/00/rBUAB15lFKqAQM0zAABDj6GSyxA97..jpg','没','','2020-03-08 23:52:10','dee3e6204a8c43bea18a8ca6d4e020be'),(64,2,'group1/M00/00/00/rBUAB15lFKqAd7cKAAFuXYtwEzg63..jpg','李四','','2020-03-08 23:52:10','17c00521f7614cb0b4583ecdaab36f5c'),(68,2,'group1/M00/00/00/rBUAB15nXYGAcqMpAABbBXPXLoA82..jpg','小明','','2020-03-10 17:27:29','0c924afbfb654e15add26621afd748f1'),(69,2,'group1/M00/00/00/rBUAB15ncoOAaCKGAABHQVRCGis68..jpg','销毁','','2020-03-10 18:57:07','c50c2af63c5e4f42a693c6edcc542e9b'),(72,2,'group1/M00/00/00/rBUAB15ncpmAS07lAACbmiI4EKQ13..jpg','雷女侠','','2020-03-10 18:57:29','d6e6ca584c344b1ea9bcb5d2c0ee3adc'),(74,2,'group1/M00/00/00/rBUAB15ncpuAAUgCAABv88f3Ieo08..jpg','魅蓝','','2020-03-10 18:57:31','0eec38d0a431499a894d7961a77752cf'),(80,2,'group1/M00/00/01/rBUAB15ncqCAP-zHAAHPfKp_qqg58..jpg','玮哥','','2020-03-10 18:57:36','89c9185ad1444aa794e0da7dca821833');

/*Table structure for table `sys_user` */

DROP TABLE IF EXISTS `sys_user`;

CREATE TABLE `sys_user` (
  `id` int(11) NOT NULL AUTO_INCREMENT,
  `username` varchar(32) DEFAULT NULL,
  `sex` varchar(10) DEFAULT NULL,
  `phone` varchar(11) DEFAULT NULL,
  `password` varchar(100) DEFAULT NULL,
  `address` varchar(32) DEFAULT NULL,
  `lasttime` varchar(32) DEFAULT NULL,
  `role` varchar(32) DEFAULT 'ROLE_USER',
  `isEnabled` int(1) DEFAULT '0',
  PRIMARY KEY (`id`)
) ENGINE=InnoDB AUTO_INCREMENT=3 DEFAULT CHARSET=utf8;

/*Data for the table `sys_user` */

insert  into `sys_user`(`id`,`username`,`sex`,`phone`,`password`,`address`,`lasttime`,`role`,`isEnabled`) values (1,'surper','男','15762323410','$2a$10$oHE.v8ZCp4Wr.pcnOW/MmuM17bVDsKcf2GArWTJ7a8alb9ucSALaC','山东省临沂市','2020-04-05 19:26:17','ROLE_ADMIN',0),(2,'user','女','15762323410','$2a$10$0ouOYzXy7gQ1EOLvzY5U9.gCMbWM1RbjIu9SgVloVXhCE/PiP8Gu6','山东省临沂市','2020-04-05 19:28:34','ROLE_USER',0);

/*Table structure for table `user_log` */

DROP TABLE IF EXISTS `user_log`;

CREATE TABLE `user_log` (
  `id` int(11) NOT NULL AUTO_INCREMENT,
  `addid` int(11) DEFAULT NULL,
  `name` varchar(11) DEFAULT NULL,
  `type` int(11) DEFAULT NULL,
  `url` varchar(32) DEFAULT NULL,
  `requestType` varchar(32) DEFAULT NULL,
  `requestParam` text,
  `user` varchar(32) DEFAULT NULL,
  `ip` varchar(32) DEFAULT NULL,
  `ipInfo` varchar(32) DEFAULT NULL,
  `time` int(11) DEFAULT NULL,
  `create_time` datetime DEFAULT NULL,
  PRIMARY KEY (`id`),
  KEY `uid` (`addid`),
  CONSTRAINT `uid` FOREIGN KEY (`addid`) REFERENCES `sys_user` (`id`) ON DELETE CASCADE ON UPDATE CASCADE
) ENGINE=InnoDB AUTO_INCREMENT=567 DEFAULT CHARSET=utf8;

/*Data for the table `user_log` */

insert  into `user_log`(`id`,`addid`,`name`,`type`,`url`,`requestType`,`requestParam`,`user`,`ip`,`ipInfo`,`time`,`create_time`) values (1,1,'用户登录',1,'/login','POST','{\"password\":\"密码不可见\",\"captcha\":\"l9jy\",\"remember-me\":\"true\",\"username\":\"surper\"}','surper','127.0.0.1','北京市',651,'2020-02-15 20:53:25'),(2,1,'查看所有用户',1,'/user','GET','{\"limit\":\"15\",\"page\":\"1\"}','surper','127.0.0.1','北京市',152,'2020-02-15 20:53:35'),(3,1,'查看用户是否存在',1,'/user/isHave','GET','{\"username\":\"user\"}','surper','127.0.0.1','北京市',24,'2020-02-15 20:54:05'),(4,1,'新建用户',1,'/user','POST','{\"password\":\"密码不可见\",\"phone\":\"15762323410\",\"sex\":\"女\",\"password2\":\"lx1793786487\",\"username\":\"user\"}','surper','127.0.0.1','北京市',1235,'2020-02-15 20:54:05'),(5,1,'查看所有用户',1,'/user','GET','{\"limit\":\"15\",\"page\":\"1\"}','surper','127.0.0.1','北京市',34,'2020-02-15 20:54:15'),(6,1,'超管查询日志',1,'/log/all','GET','{\"limit\":\"15\",\"page\":\"1\"}','surper','127.0.0.1','北京市',139,'2020-02-15 20:54:39'),(74,2,'删除所选日志',1,'/log','DELETE','{\"ids[]\":\"7\"}','user','223.104.188.203','山东省临沂市',75,'2020-02-15 21:14:51'),(75,2,'查看人员信息',1,'/person','GET','{\"limit\":\"15\",\"page\":\"1\"}','user','223.104.188.203','山东省临沂市',51,'2020-02-15 21:19:18'),(76,2,'查询会议',1,'/meeting','GET','{\"limit\":\"15\",\"page\":\"1\"}','user','223.104.188.203','山东省临沂市',15,'2020-02-15 21:21:14'),(77,2,'添加会议',1,'/meeting','POST','{\"meetingAddress\":\"山东省 临沂市 莒南县\",\"meetingName\":\"cce\",\"lng\":\"118.764539\",\"addressName\":\"前下河村\",\"startTime\":\"2020-02-15 00:00\",\"information\":\"大苏打多所\",\"endTime\":\"2020-02-28 00:00\",\"meetingPhone\":\"15762323410\",\"lat\":\"35.294859\"}','user','223.104.188.203','山东省临沂市',77,'2020-02-15 21:21:51'),(78,2,'查询会议',1,'/meeting','GET','{\"limit\":\"15\",\"page\":\"1\"}','user','223.104.188.203','山东省临沂市',17,'2020-02-15 21:21:57'),(79,2,'查询会议',1,'/meeting','GET','{\"limit\":\"15\",\"page\":\"1\"}','user','223.104.188.203','山东省临沂市',18,'2020-02-15 21:22:00'),(80,2,'查询会议',1,'/meeting','GET','{\"limit\":\"10\",\"page\":\"1\"}','user','223.104.188.203','山东省临沂市',51,'2020-02-15 21:22:34'),(81,2,'查看人员信息',1,'/person','GET','{\"limit\":\"10\",\"page\":\"1\"}','user','223.104.188.203','山东省临沂市',55,'2020-02-15 21:22:37'),(82,2,'添加人员进入会议',1,'/meeting/person','POST','{\"mid\":\"1\",\"pids\":\"1,2,3,4,5,6,7,8,9,10\"}','user','223.104.188.203','山东省临沂市',45,'2020-02-15 21:22:43'),(83,2,'查询会议',1,'/meeting','GET','{\"limit\":\"10\",\"page\":\"1\"}','user','223.104.188.203','山东省临沂市',14,'2020-02-15 21:22:55'),(84,2,'查询签到比例',1,'/check','GET','{\"mid\":\"1\"}','user','223.104.188.203','山东省临沂市',18,'2020-02-15 21:22:58'),(85,2,'查询签到情况',1,'/check/1','GET','{\"limit\":\"15\",\"page\":\"1\"}','user','223.104.188.203','山东省临沂市',96,'2020-02-15 21:22:59'),(86,2,'修改签到状态',1,'/check/1/1','PUT','{\"ids[]\":\"1\"}','user','223.104.188.203','山东省临沂市',19,'2020-02-15 21:23:14'),(87,2,'查询签到比例',1,'/check','GET','{\"mid\":\"1\"}','user','223.104.188.203','山东省临沂市',12,'2020-02-15 21:23:15'),(88,2,'查询签到情况',1,'/check/1','GET','{\"limit\":\"15\",\"page\":\"1\"}','user','223.104.188.203','山东省临沂市',122,'2020-02-15 21:23:16'),(89,2,'查询会议',1,'/meeting','GET','{\"limit\":\"15\",\"page\":\"1\"}','user','223.104.188.203','山东省临沂市',11,'2020-02-15 21:23:25'),(90,2,'查询会议',1,'/meeting','GET','{\"limit\":\"10\",\"page\":\"1\"}','user','223.104.188.203','山东省临沂市',31,'2020-02-15 21:23:32'),(91,2,'查询签到比例',1,'/check','GET','{\"mid\":\"1\"}','user','223.104.188.203','山东省临沂市',5,'2020-02-15 21:23:36'),(92,2,'查询签到情况',1,'/check/1','GET','{\"limit\":\"15\",\"page\":\"1\"}','user','223.104.188.203','山东省临沂市',7,'2020-02-15 21:23:37'),(93,2,'修改签到状态',1,'/check/1/1','PUT','{\"ids[]\":\"6\"}','user','223.104.188.203','山东省临沂市',23,'2020-02-15 21:23:40'),(94,2,'查询签到比例',1,'/check','GET','{\"mid\":\"1\"}','user','223.104.188.203','山东省临沂市',10,'2020-02-15 21:23:41'),(95,2,'查询签到情况',1,'/check/1','GET','{\"limit\":\"15\",\"page\":\"1\"}','user','223.104.188.203','山东省临沂市',7,'2020-02-15 21:23:41'),(96,2,'查询会议',1,'/meeting','GET','{\"limit\":\"15\",\"page\":\"1\"}','user','223.104.188.203','山东省临沂市',9,'2020-02-15 21:35:17'),(97,1,'用户登录',1,'/login','POST','{\"password\":\"密码不可见\",\"captcha\":\"lu9v\",\"username\":\"surper\"}','surper','223.104.188.203','山东省临沂市',128,'2020-02-15 21:37:26'),(98,1,'查看所有用户',1,'/user','GET','{\"limit\":\"15\",\"page\":\"1\"}','surper','223.104.188.203','山东省临沂市',8,'2020-02-15 21:37:47'),(99,1,'超管查询日志',1,'/log/all','GET','{\"limit\":\"15\",\"page\":\"1\"}','surper','223.104.188.203','山东省临沂市',23,'2020-02-15 21:37:53'),(100,2,'查询会议',1,'/meeting','GET','{\"limit\":\"15\",\"page\":\"1\"}','user','223.104.188.203','山东省临沂市',241,'2020-02-15 21:47:26'),(101,2,'查询会议',1,'/meeting','GET','{\"limit\":\"15\",\"page\":\"1\"}','user','223.104.188.203','山东省临沂市',36,'2020-02-15 21:47:41'),(102,2,'查询会议',1,'/meeting','GET','{\"limit\":\"15\",\"page\":\"1\"}','user','223.104.188.203','山东省临沂市',44,'2020-02-15 21:52:16'),(103,2,'查询会议',1,'/meeting','GET','{\"limit\":\"10\",\"page\":\"1\"}','user','223.104.188.203','山东省临沂市',38,'2020-02-15 22:08:47'),(104,2,'查看人员信息',1,'/person','GET','{\"limit\":\"10\",\"page\":\"1\"}','user','223.104.188.203','山东省临沂市',115,'2020-02-15 22:08:50'),(105,2,'查看人员信息',1,'/person','GET','{\"limit\":\"10\",\"page\":\"1\"}','user','223.104.188.203','山东省临沂市',65,'2020-02-15 22:08:56'),(106,2,'查看人员信息',1,'/person','GET','{\"personName\":\"玮哥\",\"limit\":\"10\",\"page\":\"1\"}','user','223.104.188.203','山东省临沂市',65,'2020-02-15 22:09:00'),(107,2,'添加人员进入会议',1,'/meeting/person','POST','{\"mid\":\"1\",\"pids\":\"46\"}','user','223.104.188.203','山东省临沂市',60,'2020-02-15 22:09:03'),(108,2,'修改会议',1,'/meeting','PUT','{\"meetingAddress\":\"山东省  临沂市  莒南县    \",\"meetingName\":\"cce\",\"lng\":\"118.768348\",\"addressName\":\"前下河村\",\"startTime\":\"2020-02-15 00:00\",\"information\":\"大苏打多所\",\"id\":\"1\",\"endTime\":\"2020-02-28 00:00\",\"meetingPhone\":\"15762323410\",\"lat\":\"35.294656\"}','user','223.104.188.203','山东省临沂市',150,'2020-02-15 22:17:05'),(109,2,'查询会议',1,'/meeting','GET','{\"limit\":\"15\",\"page\":\"1\"}','user','223.104.188.203','山东省临沂市',27,'2020-02-15 22:17:08'),(110,2,'修改会议',1,'/meeting','PUT','{\"meetingAddress\":\"山东省  临沂市  莒南县    \",\"meetingName\":\"cce\",\"lng\":\"118.765958\",\"addressName\":\"前下河村\",\"startTime\":\"2020-02-15 00:00\",\"information\":\"大苏打多所\",\"id\":\"1\",\"endTime\":\"2020-02-28 00:00\",\"meetingPhone\":\"15762323410\",\"lat\":\"35.294601\"}','user','223.104.188.203','山东省临沂市',40,'2020-02-15 22:19:53'),(111,2,'查询会议',1,'/meeting','GET','{\"limit\":\"15\",\"page\":\"1\"}','user','223.104.188.203','山东省临沂市',27,'2020-02-15 22:19:55'),(112,2,'修改会议',1,'/meeting','PUT','{\"meetingAddress\":\"山东省 临沂市 莒南县\",\"meetingName\":\"cce\",\"lng\":\"118.841541\",\"addressName\":\"莒南县\",\"startTime\":\"2020-02-15 00:00\",\"information\":\"大苏打多所\",\"id\":\"1\",\"endTime\":\"2020-02-28 00:00\",\"meetingPhone\":\"15762323410\",\"lat\":\"35.180812\"}','user','223.104.188.203','山东省临沂市',34,'2020-02-15 22:22:25'),(113,2,'查询会议',1,'/meeting','GET','{\"limit\":\"15\",\"page\":\"1\"}','user','223.104.188.203','山东省临沂市',23,'2020-02-15 22:22:27'),(114,2,'修改会议',1,'/meeting','PUT','{\"meetingAddress\":\"山东省  临沂市  莒南县    \",\"meetingName\":\"cce\",\"lng\":\"118.763187\",\"addressName\":\"前下河村\",\"startTime\":\"2020-02-15 00:00\",\"information\":\"大苏打多所\",\"id\":\"1\",\"endTime\":\"2020-02-28 00:00\",\"meetingPhone\":\"15762323410\",\"lat\":\"35.294329\"}','user','223.104.188.203','山东省临沂市',31,'2020-02-15 22:23:45'),(115,2,'查询会议',1,'/meeting','GET','{\"limit\":\"15\",\"page\":\"1\"}','user','223.104.188.203','山东省临沂市',26,'2020-02-15 22:23:47'),(116,2,'用户登录',1,'/login','POST','{\"password\":\"密码不可见\",\"captcha\":\"7exl\",\"remember-me\":\"true\",\"username\":\"user\"}','user','223.104.188.203','山东省临沂市',821,'2020-02-15 22:56:20'),(117,2,'查询会议',1,'/meeting','GET','{\"limit\":\"15\",\"page\":\"1\"}','user','223.104.188.203','山东省临沂市',239,'2020-02-15 22:56:40'),(118,2,'修改会议',1,'/meeting','PUT','{\"meetingAddress\":\"山东省  临沂市  莒南县    \",\"meetingName\":\"cce\",\"lng\":\"118.76572\",\"addressName\":\"前下河村\",\"startTime\":\"2020-02-15 00:00\",\"information\":\"大苏打多所\",\"id\":\"1\",\"endTime\":\"2020-02-28 00:00\",\"meetingPhone\":\"15762323410\",\"lat\":\"35.294594\"}','user','223.104.188.203','山东省临沂市',181,'2020-02-15 22:56:59'),(119,2,'查询会议',1,'/meeting','GET','{\"limit\":\"15\",\"page\":\"1\"}','user','223.104.188.203','山东省临沂市',39,'2020-02-15 22:57:01'),(120,2,'查询会议',1,'/meeting','GET','{\"limit\":\"15\",\"page\":\"1\"}','user','223.104.188.203','山东省临沂市',42,'2020-02-15 23:13:44'),(121,2,'用户登录',1,'/isLife','GET','{}','user','223.104.188.203','山东省临沂市',201,'2020-02-15 23:17:27'),(122,2,'用户登录',1,'/menu','GET','{}','user','223.104.188.203','山东省临沂市',242,'2020-02-15 23:17:27'),(123,2,'查询会议',1,'/meeting','GET','{\"limit\":\"15\",\"page\":\"1\"}','user','223.104.188.203','山东省临沂市',59,'2020-02-15 23:17:43'),(124,2,'查询会议',1,'/meeting','GET','{\"limit\":\"10\",\"page\":\"1\"}','user','223.104.188.203','山东省临沂市',35,'2020-02-15 23:17:53'),(125,2,'查询签到比例',1,'/check','GET','{\"mid\":\"1\"}','user','223.104.188.203','山东省临沂市',36,'2020-02-15 23:17:56'),(126,2,'查询签到情况',1,'/check/1','GET','{\"limit\":\"15\",\"page\":\"1\"}','user','223.104.188.203','山东省临沂市',98,'2020-02-15 23:17:56'),(127,2,'查询签到情况',1,'/check/1','GET','{\"isCheck\":\"1\",\"limit\":\"15\",\"page\":\"1\"}','user','223.104.188.203','山东省临沂市',36,'2020-02-15 23:18:02'),(128,2,'查询会议',1,'/meeting','GET','{\"limit\":\"15\",\"page\":\"1\"}','user','223.104.188.203','山东省临沂市',58,'2020-02-15 23:43:31'),(129,2,'查询会议',1,'/meeting','GET','{\"limit\":\"15\",\"page\":\"1\"}','user','223.104.188.203','山东省临沂市',28,'2020-02-15 23:52:23'),(130,2,'查询会议',1,'/meeting','GET','{\"limit\":\"15\",\"page\":\"1\"}','user','223.104.188.203','山东省临沂市',21,'2020-02-15 23:52:24'),(131,2,'用户登录',1,'/isLife','GET','{}','user','223.104.188.203','山东省临沂市',212,'2020-02-15 23:53:02'),(132,2,'查看人员信息',1,'/person','GET','{\"limit\":\"15\",\"page\":\"1\"}','user','223.104.188.203','山东省临沂市',70,'2020-02-15 23:53:21'),(133,2,'查看人员信息',1,'/person','GET','{\"limit\":\"15\",\"page\":\"3\"}','user','223.104.188.203','山东省临沂市',24,'2020-02-15 23:53:24'),(134,2,'查看人员信息',1,'/person','GET','{\"limit\":\"15\",\"page\":\"2\"}','user','223.104.188.203','山东省临沂市',31,'2020-02-15 23:53:26'),(135,2,'更新人员信息',1,'/person','PUT','{\"personName\":\"nai1\",\"isCheck\":\"\",\"addTime\":\"2020-02-15 20:58:36\",\"phone\":\"\",\"addId\":\"2\",\"id\":\"16\",\"uuid\":\"13b2f98e7a0948cbb7f4d9e40621db3e\",\"url\":\"group1/M00/00/00/rBUAB15H6vyAEYEnAABtpsg0MKU77..jpg\"}','user','223.104.188.203','山东省临沂市',187,'2020-02-15 23:53:45'),(136,2,'查看人员信息',1,'/person','GET','{\"limit\":\"15\",\"page\":\"1\"}','user','223.104.188.203','山东省临沂市',14,'2020-02-15 23:53:47'),(137,2,'更新人员信息',1,'/person','PUT','{\"personName\":\"】哒哒\",\"isCheck\":\"\",\"addTime\":\"2020-02-15 20:58:31\",\"phone\":\"\",\"addId\":\"2\",\"id\":\"1\",\"uuid\":\"39ff0f13b919420386a3e34677e365f9\",\"url\":\"group1/M00/00/00/rBUAB15H6veAEsH0AABbBXPXLoA50..jpg\"}','user','223.104.188.203','山东省临沂市',29,'2020-02-15 23:53:55'),(138,2,'查看人员信息',1,'/person','GET','{\"limit\":\"15\",\"page\":\"1\"}','user','223.104.188.203','山东省临沂市',26,'2020-02-15 23:53:57'),(139,2,'用户登录',1,'/login','POST','{\"password\":\"密码不可见\",\"captcha\":\"9r96\",\"remember-me\":\"true\",\"username\":\"user\"}','user','223.104.188.203','山东省临沂市',122,'2020-02-16 15:35:14'),(140,2,'查询会议',1,'/meeting','GET','{\"limit\":\"15\",\"page\":\"1\"}','user','223.104.188.203','山东省临沂市',34,'2020-02-16 15:35:55'),(141,2,'查询会议',1,'/meeting','GET','{\"limit\":\"10\",\"page\":\"1\"}','user','223.104.188.203','山东省临沂市',31,'2020-02-16 15:35:59'),(142,2,'查询签到比例',1,'/check','GET','{\"mid\":\"1\"}','user','223.104.188.203','山东省临沂市',55,'2020-02-16 15:36:05'),(143,2,'查询签到情况',1,'/check/1','GET','{\"limit\":\"15\",\"page\":\"1\"}','user','223.104.188.203','山东省临沂市',74,'2020-02-16 15:36:05'),(144,2,'查看人员信息',1,'/person','GET','{\"limit\":\"15\",\"page\":\"1\"}','user','223.104.188.203','山东省临沂市',21,'2020-02-16 15:36:33'),(145,2,'用户登录',1,'/isLife','GET','{}','user','223.104.188.203','山东省临沂市',190,'2020-02-18 09:14:20'),(146,2,'用户登录',1,'/menu','GET','{}','user','223.104.188.203','山东省临沂市',245,'2020-02-18 09:14:20'),(147,2,'查看人员信息',1,'/person','GET','{\"limit\":\"15\",\"page\":\"1\"}','user','223.104.188.203','山东省临沂市',80,'2020-02-18 09:14:27'),(148,2,'查询会议',1,'/meeting','GET','{\"limit\":\"15\",\"page\":\"1\"}','user','223.104.188.203','山东省临沂市',73,'2020-02-18 09:14:34'),(149,2,'查询会议',1,'/meeting','GET','{\"limit\":\"10\",\"page\":\"1\"}','user','223.104.188.203','山东省临沂市',31,'2020-02-18 09:16:10'),(150,2,'查询签到比例',1,'/check','GET','{\"mid\":\"1\"}','user','223.104.188.203','山东省临沂市',9,'2020-02-18 09:16:12'),(151,2,'查询签到情况',1,'/check/1','GET','{\"limit\":\"15\",\"page\":\"1\"}','user','223.104.188.203','山东省临沂市',22,'2020-02-18 09:16:12'),(152,2,'查询会议',1,'/meeting','GET','{\"limit\":\"10\",\"page\":\"1\"}','user','223.104.188.203','山东省临沂市',28,'2020-02-18 09:16:20'),(153,2,'查看人员信息',1,'/person','GET','{\"limit\":\"10\",\"page\":\"1\"}','user','223.104.188.203','山东省临沂市',33,'2020-02-18 09:16:23'),(154,2,'用户登录',1,'/login','POST','{\"password\":\"密码不可见\",\"captcha\":\"r8lq\",\"username\":\"user\"}','user','223.104.188.203','山东省临沂市',141,'2020-02-18 12:40:56'),(155,2,'用户登录',1,'/login','POST','{\"password\":\"密码不可见\",\"captcha\":\"9a9a\",\"username\":\"user\"}','user','223.104.191.185','山东省临沂市',185,'2020-02-20 03:20:51'),(156,2,'用户登录',1,'/login','POST','{\"password\":\"密码不可见\",\"captcha\":\"dfjx\",\"username\":\"user\"}','user','223.104.191.185','山东省临沂市',122,'2020-02-22 23:55:21'),(157,2,'查看人员信息',1,'/person','GET','{\"limit\":\"15\",\"page\":\"1\"}','user','223.104.191.185','山东省临沂市',21,'2020-02-22 23:55:48'),(158,2,'用户登录',1,'/login','POST','{\"password\":\"密码不可见\",\"captcha\":\"cthx\",\"username\":\"user\"}','user','223.104.191.185','山东省临沂市',154,'2020-02-26 11:45:59'),(159,2,'批量上传人员',1,'/upload/person','POST','{\"tailor\":\"false\"}','user','223.104.191.185','山东省临沂市',53,'2020-02-26 11:46:08'),(160,2,'批量上传人员',1,'/upload/person','POST','{\"tailor\":\"false\"}','user','223.104.191.185','山东省临沂市',116,'2020-02-26 11:46:20'),(161,2,'批量上传人员',1,'/upload/person','POST','{\"tailor\":\"false\"}','user','223.104.191.185','山东省临沂市',2287,'2020-02-26 11:46:46'),(162,2,'查看人员信息',1,'/person','GET','{\"limit\":\"15\",\"page\":\"1\"}','user','223.104.191.185','山东省临沂市',144,'2020-02-26 11:46:52'),(163,2,'查看人员信息',1,'/person','GET','{\"limit\":\"15\",\"page\":\"3\"}','user','223.104.191.185','山东省临沂市',34,'2020-02-26 11:46:55'),(164,2,'用户登录',1,'/login','POST','{\"password\":\"密码不可见\",\"captcha\":\"vqlw\",\"username\":\"user\"}','user','223.104.191.185','山东省临沂市',132,'2020-02-26 12:04:22'),(165,2,'用户登录',1,'/login','POST','{\"password\":\"密码不可见\",\"captcha\":\"s9fp\",\"remember-me\":\"true\",\"username\":\"user\"}','user','223.104.191.185','山东省临沂市',128,'2020-02-26 12:04:50'),(166,2,'用户登录',1,'/isLife','GET','{}','user','223.104.191.185','山东省临沂市',231,'2020-02-26 12:05:00'),(167,2,'用户登录',1,'/menu','GET','{}','user','223.104.191.185','山东省临沂市',272,'2020-02-26 12:05:00'),(168,2,'用户登录',1,'/isLife','GET','{}','user','223.104.191.185','山东省临沂市',146,'2020-02-26 12:05:11'),(169,2,'查询会议',1,'/meeting','GET','{\"limit\":\"15\",\"page\":\"1\"}','user','223.104.191.185','山东省临沂市',26,'2020-02-26 12:05:17'),(170,2,'查询会议',1,'/meeting','GET','{\"limit\":\"10\",\"page\":\"1\"}','user','223.104.191.185','山东省临沂市',21,'2020-02-26 12:05:31'),(171,2,'查询签到比例',1,'/check','GET','{\"mid\":\"1\"}','user','223.104.191.185','山东省临沂市',8,'2020-02-26 12:05:34'),(172,2,'查询签到情况',1,'/check/1','GET','{\"limit\":\"15\",\"page\":\"1\"}','user','223.104.191.185','山东省临沂市',8,'2020-02-26 12:05:34'),(173,2,'用户登录',1,'/login','POST','{\"password\":\"密码不可见\",\"captcha\":\"563u\",\"remember-me\":\"true\",\"username\":\"user\"}','user','117.136.95.101','山东省潍坊市',198,'2020-02-27 11:34:26'),(174,2,'用户登录',1,'/menu','GET','{}','user','223.104.191.239','山东省临沂市',215,'2020-02-28 10:06:10'),(175,2,'用户登录',1,'/isLife','GET','{}','user','223.104.191.239','山东省临沂市',219,'2020-02-28 10:06:10'),(176,2,'查看人员信息',1,'/person','GET','{\"limit\":\"15\",\"page\":\"1\"}','user','223.104.191.239','山东省临沂市',74,'2020-02-28 10:06:23'),(177,2,'查看人员信息',1,'/person','GET','{\"limit\":\"15\",\"page\":\"2\"}','user','223.104.191.239','山东省临沂市',20,'2020-02-28 10:06:35'),(178,2,'查看人员信息',1,'/person','GET','{\"limit\":\"15\",\"page\":\"3\"}','user','223.104.191.239','山东省临沂市',21,'2020-02-28 10:06:36'),(179,2,'查看人员信息',1,'/person','GET','{\"limit\":\"15\",\"page\":\"2\"}','user','223.104.191.239','山东省临沂市',9,'2020-02-28 10:06:56'),(180,2,'用户登录',1,'/isLife','GET','{}','user','223.104.191.239','山东省临沂市',153,'2020-02-29 14:34:44'),(181,2,'用户登录',1,'/menu','GET','{}','user','223.104.191.239','山东省临沂市',196,'2020-02-29 14:34:44'),(195,2,'删除所选日志',1,'/log','DELETE','{\"ids[]\":\"182\"}','user','223.104.191.239','山东省临沂市',52,'2020-03-02 22:08:47'),(196,2,'用户登录',1,'/isLife','GET','{}','user','223.104.191.239','山东省临沂市',838,'2020-03-02 22:09:05'),(197,2,'登录异常',1,'/login','POST','{\"password\":\"密码不可见\",\"captcha\":\"chel\",\"remember-me\":\"true\",\"username\":\"user\"}','user','223.104.191.239','山东省临沂市',100,'2020-03-02 22:09:37'),(198,2,'用户登录',1,'/login','POST','{\"password\":\"密码不可见\",\"captcha\":\"wy45\",\"username\":\"user\"}','user','223.104.191.239','山东省临沂市',692,'2020-03-08 23:51:31'),(199,2,'查看人员信息',1,'/person','GET','{\"limit\":\"15\",\"page\":\"1\"}','user','223.104.191.239','山东省临沂市',270,'2020-03-08 23:51:43'),(200,2,'批量上传人员',1,'/upload/person','POST','{\"tailor\":\"false\"}','user','223.104.191.239','山东省临沂市',53,'2020-03-08 23:51:58'),(201,2,'批量上传人员',1,'/upload/person','POST','{\"tailor\":\"false\"}','user','223.104.191.239','山东省临沂市',140,'2020-03-08 23:51:58'),(202,2,'批量上传人员',1,'/upload/person','POST','{\"tailor\":\"false\"}','user','223.104.191.239','山东省临沂市',156,'2020-03-08 23:51:58'),(203,2,'批量上传人员',1,'/upload/person','POST','{\"tailor\":\"false\"}','user','223.104.191.239','山东省临沂市',142,'2020-03-08 23:51:58'),(204,2,'批量上传人员',1,'/upload/person','POST','{\"tailor\":\"false\"}','user','223.104.191.239','山东省临沂市',29,'2020-03-08 23:51:59'),(205,2,'批量上传人员',1,'/upload/person','POST','{\"tailor\":\"false\"}','user','223.104.191.239','山东省临沂市',53,'2020-03-08 23:51:59'),(206,2,'批量上传人员',1,'/upload/person','POST','{\"tailor\":\"false\"}','user','223.104.191.239','山东省临沂市',73,'2020-03-08 23:51:59'),(207,2,'批量上传人员',1,'/upload/person','POST','{\"tailor\":\"false\"}','user','223.104.191.239','山东省临沂市',103,'2020-03-08 23:51:59'),(208,2,'批量上传人员',1,'/upload/person','POST','{\"tailor\":\"false\"}','user','223.104.191.239','山东省临沂市',107,'2020-03-08 23:51:59'),(209,2,'批量上传人员',1,'/upload/person','POST','{\"tailor\":\"false\"}','user','223.104.191.239','山东省临沂市',86,'2020-03-08 23:51:59'),(210,2,'批量上传人员',1,'/upload/person','POST','{\"tailor\":\"false\"}','user','223.104.191.239','山东省临沂市',115,'2020-03-08 23:52:00'),(211,2,'批量上传人员',1,'/upload/person','POST','{\"tailor\":\"false\"}','user','223.104.191.239','山东省临沂市',145,'2020-03-08 23:52:00'),(212,2,'批量上传人员',1,'/upload/person','POST','{\"tailor\":\"false\"}','user','223.104.191.239','山东省临沂市',150,'2020-03-08 23:52:00'),(213,2,'批量上传人员',1,'/upload/person','POST','{\"tailor\":\"false\"}','user','223.104.191.239','山东省临沂市',159,'2020-03-08 23:52:00'),(214,2,'批量上传人员',1,'/upload/person','POST','{\"tailor\":\"false\"}','user','223.104.191.239','山东省临沂市',117,'2020-03-08 23:52:00'),(215,2,'批量上传人员',1,'/upload/person','POST','{\"tailor\":\"false\"}','user','223.104.191.239','山东省临沂市',48,'2020-03-08 23:52:01'),(216,2,'批量上传人员',1,'/upload/person','POST','{\"tailor\":\"false\"}','user','223.104.191.239','山东省临沂市',3713,'2020-03-08 23:51:58'),(217,2,'批量上传人员',1,'/upload/person','POST','{\"tailor\":\"false\"}','user','223.104.191.239','山东省临沂市',2245,'2020-03-08 23:52:00'),(218,2,'批量上传人员',1,'/upload/person','POST','{\"tailor\":\"false\"}','user','223.104.191.239','山东省临沂市',98,'2020-03-08 23:52:02'),(219,2,'批量上传人员',1,'/upload/person','POST','{\"tailor\":\"false\"}','user','223.104.191.239','山东省临沂市',44,'2020-03-08 23:52:02'),(220,2,'批量上传人员',1,'/upload/person','POST','{\"tailor\":\"false\"}','user','223.104.191.239','山东省临沂市',3159,'2020-03-08 23:52:00'),(221,2,'批量上传人员',1,'/upload/person','POST','{\"tailor\":\"false\"}','user','223.104.191.239','山东省临沂市',2275,'2020-03-08 23:52:01'),(222,2,'批量上传人员',1,'/upload/person','POST','{\"tailor\":\"false\"}','user','223.104.191.239','山东省临沂市',4103,'2020-03-08 23:52:00'),(223,2,'批量上传人员',1,'/upload/person','POST','{\"tailor\":\"false\"}','user','223.104.191.239','山东省临沂市',1820,'2020-03-08 23:52:03'),(224,2,'批量上传人员',1,'/upload/person','POST','{\"tailor\":\"false\"}','user','223.104.191.239','山东省临沂市',54,'2020-03-08 23:52:05'),(225,2,'批量上传人员',1,'/upload/person','POST','{\"tailor\":\"false\"}','user','223.104.191.239','山东省临沂市',3043,'2020-03-08 23:52:03'),(226,2,'批量上传人员',1,'/upload/person','POST','{\"tailor\":\"false\"}','user','223.104.191.239','山东省临沂市',1654,'2020-03-08 23:52:04'),(227,2,'批量上传人员',1,'/upload/person','POST','{\"tailor\":\"false\"}','user','223.104.191.239','山东省临沂市',2899,'2020-03-08 23:52:03'),(228,2,'批量上传人员',1,'/upload/person','POST','{\"tailor\":\"false\"}','user','223.104.191.239','山东省临沂市',18,'2020-03-08 23:52:06'),(229,2,'批量上传人员',1,'/upload/person','POST','{\"tailor\":\"false\"}','user','223.104.191.239','山东省临沂市',1604,'2020-03-08 23:52:05'),(230,2,'批量上传人员',1,'/upload/person','POST','{\"tailor\":\"false\"}','user','223.104.191.239','山东省临沂市',62,'2020-03-08 23:52:06'),(231,2,'批量上传人员',1,'/upload/person','POST','{\"tailor\":\"false\"}','user','223.104.191.239','山东省临沂市',1600,'2020-03-08 23:52:06'),(232,2,'批量上传人员',1,'/upload/person','POST','{\"tailor\":\"false\"}','user','223.104.191.239','山东省临沂市',1550,'2020-03-08 23:52:07'),(233,2,'批量上传人员',1,'/upload/person','POST','{\"tailor\":\"false\"}','user','223.104.191.239','山东省临沂市',5901,'2020-03-08 23:52:03'),(234,2,'批量上传人员',1,'/upload/person','POST','{\"tailor\":\"false\"}','user','223.104.191.239','山东省临沂市',19,'2020-03-08 23:52:09'),(235,2,'批量上传人员',1,'/upload/person','POST','{\"tailor\":\"false\"}','user','223.104.191.239','山东省临沂市',8389,'2020-03-08 23:52:01'),(236,2,'批量上传人员',1,'/upload/person','POST','{\"tailor\":\"false\"}','user','223.104.191.239','山东省临沂市',2474,'2020-03-08 23:52:07'),(237,2,'批量上传人员',1,'/upload/person','POST','{\"tailor\":\"false\"}','user','223.104.191.239','山东省临沂市',87,'2020-03-08 23:52:09'),(238,2,'批量上传人员',1,'/upload/person','POST','{\"tailor\":\"false\"}','user','223.104.191.239','山东省临沂市',23,'2020-03-08 23:52:10'),(239,2,'批量上传人员',1,'/upload/person','POST','{\"tailor\":\"false\"}','user','223.104.191.239','山东省临沂市',20,'2020-03-08 23:52:10'),(240,2,'批量上传人员',1,'/upload/person','POST','{\"tailor\":\"false\"}','user','223.104.191.239','山东省临沂市',1553,'2020-03-08 23:52:09'),(241,2,'批量上传人员',1,'/upload/person','POST','{\"tailor\":\"false\"}','user','223.104.191.239','山东省临沂市',2365,'2020-03-08 23:52:09'),(242,2,'批量上传人员',1,'/upload/person','POST','{\"tailor\":\"false\"}','user','223.104.191.239','山东省临沂市',29,'2020-03-08 23:52:12'),(243,2,'批量上传人员',1,'/upload/person','POST','{\"tailor\":\"false\"}','user','223.104.191.239','山东省临沂市',2902,'2020-03-08 23:52:09'),(244,2,'批量上传人员',1,'/upload/person','POST','{\"tailor\":\"false\"}','user','223.104.191.239','山东省临沂市',75,'2020-03-08 23:52:12'),(245,2,'批量上传人员',1,'/upload/person','POST','{\"tailor\":\"false\"}','user','223.104.191.239','山东省临沂市',22,'2020-03-08 23:52:12'),(246,2,'批量上传人员',1,'/upload/person','POST','{\"tailor\":\"false\"}','user','223.104.191.239','山东省临沂市',1535,'2020-03-08 23:52:11'),(247,2,'批量上传人员',1,'/upload/person','POST','{\"tailor\":\"false\"}','user','223.104.191.239','山东省临沂市',16,'2020-03-08 23:52:12'),(248,2,'批量上传人员',1,'/upload/person','POST','{\"tailor\":\"false\"}','user','223.104.191.239','山东省临沂市',22,'2020-03-08 23:52:13'),(249,2,'批量上传人员',1,'/upload/person','POST','{\"tailor\":\"false\"}','user','223.104.191.239','山东省临沂市',2710,'2020-03-08 23:52:10'),(250,2,'批量上传人员',1,'/upload/person','POST','{\"tailor\":\"false\"}','user','223.104.191.239','山东省临沂市',39,'2020-03-08 23:52:13'),(251,2,'批量上传人员',1,'/upload/person','POST','{\"tailor\":\"false\"}','user','223.104.191.239','山东省临沂市',22,'2020-03-08 23:52:13'),(252,2,'批量上传人员',1,'/upload/person','POST','{\"tailor\":\"false\"}','user','223.104.191.239','山东省临沂市',12,'2020-03-08 23:52:13'),(253,2,'批量上传人员',1,'/upload/person','POST','{\"tailor\":\"false\"}','user','223.104.191.239','山东省临沂市',15,'2020-03-08 23:52:13'),(254,2,'批量上传人员',1,'/upload/person','POST','{\"tailor\":\"false\"}','user','223.104.191.239','山东省临沂市',48,'2020-03-08 23:52:13'),(255,2,'批量上传人员',1,'/upload/person','POST','{\"tailor\":\"false\"}','user','223.104.191.239','山东省临沂市',47,'2020-03-08 23:52:13'),(256,2,'批量上传人员',1,'/upload/person','POST','{\"tailor\":\"false\"}','user','223.104.191.239','山东省临沂市',98,'2020-03-08 23:52:13'),(257,2,'批量上传人员',1,'/upload/person','POST','{\"tailor\":\"false\"}','user','223.104.191.239','山东省临沂市',128,'2020-03-08 23:52:14'),(258,2,'批量上传人员',1,'/upload/person','POST','{\"tailor\":\"false\"}','user','223.104.191.239','山东省临沂市',7274,'2020-03-08 23:52:07'),(259,2,'批量上传人员',1,'/upload/person','POST','{\"tailor\":\"false\"}','user','223.104.191.239','山东省临沂市',3037,'2020-03-08 23:52:13'),(260,2,'批量上传人员',1,'/upload/person','POST','{\"tailor\":\"false\"}','user','223.104.191.239','山东省临沂市',8053,'2020-03-08 23:52:09'),(261,2,'查看人员信息',1,'/person','GET','{\"limit\":\"15\",\"page\":\"3\"}','user','223.104.191.239','山东省临沂市',31,'2020-03-08 23:52:23'),(262,2,'查看人员信息',1,'/person','GET','{\"limit\":\"15\",\"page\":\"2\"}','user','223.104.191.239','山东省临沂市',27,'2020-03-08 23:52:25'),(263,2,'查看人员信息',1,'/person','GET','{\"limit\":\"15\",\"page\":\"1\"}','user','223.104.191.239','山东省临沂市',18,'2020-03-08 23:52:26'),(264,2,'查询会议',1,'/meeting','GET','{\"limit\":\"15\",\"page\":\"1\"}','user','223.104.191.239','山东省临沂市',70,'2020-03-08 23:52:31'),(265,2,'查询会议',1,'/meeting','GET','{\"limit\":\"10\",\"page\":\"1\"}','user','223.104.191.239','山东省临沂市',61,'2020-03-08 23:53:32'),(266,2,'查询签到比例',1,'/check','GET','{\"mid\":\"1\"}','user','223.104.191.239','山东省临沂市',92,'2020-03-08 23:53:36'),(267,2,'查询签到情况',1,'/check/1','GET','{\"limit\":\"15\",\"page\":\"1\"}','user','223.104.191.239','山东省临沂市',49,'2020-03-08 23:53:36'),(268,2,'修改签到状态',1,'/check/0/1','PUT','{\"ids[]\":\"46\"}','user','223.104.191.239','山东省临沂市',37,'2020-03-08 23:53:45'),(269,2,'查询签到情况',1,'/check/1','GET','{\"limit\":\"15\",\"page\":\"1\"}','user','223.104.191.239','山东省临沂市',52,'2020-03-08 23:53:47'),(270,2,'查询签到比例',1,'/check','GET','{\"mid\":\"1\"}','user','223.104.191.239','山东省临沂市',50,'2020-03-08 23:53:46'),(271,2,'用户登录',1,'/login','POST','{\"password\":\"密码不可见\",\"captcha\":\"94c2\",\"username\":\"user\"}','user','223.104.191.239','山东省临沂市',142,'2020-03-09 00:03:56'),(272,2,'查询会议',1,'/meeting','GET','{\"limit\":\"15\",\"page\":\"1\"}','user','223.104.191.239','山东省临沂市',28,'2020-03-09 00:04:03'),(273,2,'用户登录',1,'/login','POST','{\"password\":\"密码不可见\",\"captcha\":\"ekal\",\"username\":\"user\"}','user','223.104.191.239','山东省临沂市',111,'2020-03-09 00:05:30'),(274,2,'用户登录',1,'/login','POST','{\"password\":\"密码不可见\",\"captcha\":\"dny9\",\"username\":\"user\"}','user','223.104.191.239','山东省临沂市',125,'2020-03-09 00:06:41'),(275,2,'用户登录',1,'/login','POST','{\"password\":\"密码不可见\",\"captcha\":\"M4H3\",\"username\":\"user\"}','user','223.104.191.239','山东省临沂市',146,'2020-03-09 00:07:14'),(276,2,'查看人员信息',1,'/person','GET','{\"limit\":\"15\",\"page\":\"1\"}','user','223.104.191.239','山东省临沂市',46,'2020-03-09 00:07:22'),(277,2,'用户登录',1,'/login','POST','{\"password\":\"密码不可见\",\"captcha\":\"cws7\",\"username\":\"user\"}','user','223.104.191.239','山东省临沂市',123,'2020-03-09 00:08:56'),(278,2,'添加会议',1,'/meeting','POST','{\"meetingAddress\":\"山东省 临沂市 莒南县\",\"meetingName\":\"参数\",\"lng\":\"118.764539\",\"addressName\":\"前下河村\",\"startTime\":\"2020-03-09 00:00\",\"information\":\"哒哒\",\"endTime\":\"2020-03-20 00:00\",\"meetingPhone\":\"15762323410\",\"lat\":\"35.294859\"}','user','223.104.191.239','山东省临沂市',89,'2020-03-09 00:09:46'),(279,2,'查询会议',1,'/meeting','GET','{\"limit\":\"15\",\"page\":\"1\"}','user','223.104.191.239','山东省临沂市',20,'2020-03-09 00:09:50'),(280,2,'查询会议',1,'/meeting','GET','{\"limit\":\"10\",\"page\":\"1\"}','user','223.104.191.239','山东省临沂市',25,'2020-03-09 00:10:03'),(281,2,'查询会议',1,'/meeting','GET','{\"limit\":\"10\",\"page\":\"1\"}','user','223.104.191.239','山东省临沂市',32,'2020-03-09 00:10:06'),(282,2,'查看人员信息',1,'/person','GET','{\"limit\":\"10\",\"page\":\"1\"}','user','223.104.191.239','山东省临沂市',18,'2020-03-09 00:10:08'),(283,2,'查看人员信息',1,'/person','GET','{\"personName\":\"玮哥\",\"limit\":\"10\",\"page\":\"1\"}','user','223.104.191.239','山东省临沂市',37,'2020-03-09 00:10:12'),(284,2,'添加人员进入会议',1,'/meeting/person','POST','{\"mid\":\"2\",\"pids\":\"46\"}','user','223.104.191.239','山东省临沂市',139,'2020-03-09 00:10:15'),(285,2,'查询会议',1,'/meeting','GET','{\"limit\":\"10\",\"page\":\"1\"}','user','223.104.191.239','山东省临沂市',41,'2020-03-09 00:10:23'),(286,2,'查询签到比例',1,'/check','GET','{\"mid\":\"2\"}','user','223.104.191.239','山东省临沂市',20,'2020-03-09 00:10:28'),(287,2,'查询签到情况',1,'/check/2','GET','{\"limit\":\"15\",\"page\":\"1\"}','user','223.104.191.239','山东省临沂市',32,'2020-03-09 00:10:28'),(288,2,'查询会议',1,'/meeting','GET','{\"limit\":\"10\",\"page\":\"1\"}','user','223.104.191.239','山东省临沂市',27,'2020-03-09 00:10:37'),(289,2,'查询签到比例',1,'/check','GET','{\"mid\":\"1\"}','user','223.104.191.239','山东省临沂市',38,'2020-03-09 00:10:39'),(290,2,'查询签到情况',1,'/check/1','GET','{\"limit\":\"15\",\"page\":\"1\"}','user','223.104.191.239','山东省临沂市',53,'2020-03-09 00:10:39'),(291,2,'查询会议',1,'/meeting','GET','{\"limit\":\"10\",\"page\":\"1\"}','user','223.104.191.239','山东省临沂市',49,'2020-03-09 00:10:46'),(292,2,'查询签到比例',1,'/check','GET','{\"mid\":\"2\"}','user','223.104.191.239','山东省临沂市',24,'2020-03-09 00:10:49'),(293,2,'查询签到情况',1,'/check/2','GET','{\"limit\":\"15\",\"page\":\"1\"}','user','223.104.191.239','山东省临沂市',38,'2020-03-09 00:10:49'),(294,2,'查询会议',1,'/meeting','GET','{\"limit\":\"15\",\"page\":\"1\"}','user','223.104.191.239','山东省临沂市',23,'2020-03-09 00:12:14'),(295,2,'修改会议',1,'/meeting','PUT','{\"meetingAddress\":\"北京市 东城区\",\"meetingName\":\"参数\",\"lng\":\"116.420613\",\"addressName\":\"北京市第二十二中学(中学本部)\",\"startTime\":\"2020-03-09 00:00\",\"information\":\"哒哒\",\"id\":\"2\",\"endTime\":\"2020-03-20 00:00\",\"meetingPhone\":\"15762323410\",\"lat\":\"39.947814\"}','user','223.104.191.239','山东省临沂市',35,'2020-03-09 00:12:32'),(296,2,'查询会议',1,'/meeting','GET','{\"limit\":\"15\",\"page\":\"1\"}','user','223.104.191.239','山东省临沂市',20,'2020-03-09 00:12:33'),(297,2,'查询签到比例',1,'/check','GET','{\"mid\":\"2\"}','user','223.104.191.239','山东省临沂市',9,'2020-03-09 00:12:37'),(298,2,'查询签到情况',1,'/check/2','GET','{\"limit\":\"15\",\"page\":\"1\"}','user','223.104.191.239','山东省临沂市',26,'2020-03-09 00:12:37'),(299,2,'修改签到状态',1,'/check/0/2','PUT','{\"ids[]\":\"46\"}','user','223.104.191.239','山东省临沂市',22,'2020-03-09 00:12:44'),(300,2,'查询签到情况',1,'/check/2','GET','{\"limit\":\"15\",\"page\":\"1\"}','user','223.104.191.239','山东省临沂市',75,'2020-03-09 00:12:46'),(301,2,'查询签到比例',1,'/check','GET','{\"mid\":\"2\"}','user','223.104.191.239','山东省临沂市',70,'2020-03-09 00:12:46'),(302,2,'用户登录',1,'/login','POST','{\"password\":\"密码不可见\",\"captcha\":\"dwrc\",\"username\":\"user\"}','user','223.104.191.239','山东省临沂市',104,'2020-03-09 00:53:28'),(303,2,'查询会议',1,'/meeting','GET','{\"limit\":\"15\",\"page\":\"1\"}','user','223.104.191.239','山东省临沂市',16,'2020-03-09 00:53:34'),(304,2,'修改会议',1,'/meeting','PUT','{\"meetingAddress\":\"山东省 临沂市 莒南县\",\"meetingName\":\"参数\",\"lng\":\"118.764539\",\"addressName\":\"前下河村\",\"startTime\":\"2020-03-09 00:00\",\"information\":\"哒哒\",\"id\":\"2\",\"endTime\":\"2020-03-20 00:00\",\"meetingPhone\":\"15762323410\",\"lat\":\"35.294859\"}','user','223.104.191.239','山东省临沂市',141,'2020-03-09 00:53:45'),(305,2,'查询会议',1,'/meeting','GET','{\"limit\":\"15\",\"page\":\"1\"}','user','223.104.191.239','山东省临沂市',16,'2020-03-09 00:53:47'),(306,2,'查询会议',1,'/meeting','GET','{\"limit\":\"15\",\"page\":\"1\"}','user','223.104.191.239','山东省临沂市',20,'2020-03-09 01:03:16'),(307,2,'用户登录',1,'/login','POST','{\"password\":\"密码不可见\",\"captcha\":\"utcr\",\"username\":\"user\"}','user','223.104.191.239','山东省临沂市',128,'2020-03-09 01:03:42'),(308,2,'查询会议',1,'/meeting','GET','{\"limit\":\"10\",\"page\":\"1\"}','user','223.104.191.239','山东省临沂市',35,'2020-03-09 01:18:45'),(309,2,'查询签到比例',1,'/check','GET','{\"mid\":\"2\"}','user','223.104.191.239','山东省临沂市',18,'2020-03-09 01:18:50'),(310,2,'查询签到情况',1,'/check/2','GET','{\"limit\":\"15\",\"page\":\"1\"}','user','223.104.191.239','山东省临沂市',58,'2020-03-09 01:18:51'),(311,2,'查询会议',1,'/meeting','GET','{\"limit\":\"10\",\"page\":\"1\"}','user','223.104.191.239','山东省临沂市',18,'2020-03-09 01:18:59'),(312,2,'查询签到比例',1,'/check','GET','{\"mid\":\"2\"}','user','223.104.191.239','山东省临沂市',6,'2020-03-09 01:19:02'),(313,2,'查询签到情况',1,'/check/2','GET','{\"limit\":\"15\",\"page\":\"1\"}','user','223.104.191.239','山东省临沂市',13,'2020-03-09 01:19:02'),(314,2,'修改签到状态',1,'/check/0/2','PUT','{\"ids[]\":\"46\"}','user','223.104.191.239','山东省临沂市',21,'2020-03-09 01:19:07'),(315,2,'查询签到比例',1,'/check','GET','{\"mid\":\"2\"}','user','223.104.191.239','山东省临沂市',43,'2020-03-09 01:19:09'),(316,2,'查询签到情况',1,'/check/2','GET','{\"limit\":\"15\",\"page\":\"1\"}','user','223.104.191.239','山东省临沂市',51,'2020-03-09 01:19:09'),(317,2,'查询会议',1,'/meeting','GET','{\"limit\":\"10\",\"page\":\"1\"}','user','223.104.191.239','山东省临沂市',17,'2020-03-09 01:19:18'),(318,2,'查询签到比例',1,'/check','GET','{\"mid\":\"2\"}','user','223.104.191.239','山东省临沂市',77,'2020-03-09 01:19:22'),(319,2,'查询签到情况',1,'/check/2','GET','{\"limit\":\"15\",\"page\":\"1\"}','user','223.104.191.239','山东省临沂市',98,'2020-03-09 01:19:22'),(320,2,'查询签到情况',1,'/check/2','GET','{\"limit\":\"15\",\"page\":\"1\"}','user','223.104.191.239','山东省临沂市',14,'2020-03-09 01:20:50'),(321,2,'查询签到比例',1,'/check','GET','{\"mid\":\"2\"}','user','223.104.191.239','山东省临沂市',7,'2020-03-09 01:20:50'),(322,2,'修改签到状态',1,'/check/0/2','PUT','{\"ids[]\":\"46\"}','user','223.104.191.239','山东省临沂市',47,'2020-03-09 01:20:54'),(323,2,'查询签到情况',1,'/check/2','GET','{\"limit\":\"15\",\"page\":\"1\"}','user','223.104.191.239','山东省临沂市',46,'2020-03-09 01:20:56'),(324,2,'查询签到比例',1,'/check','GET','{\"mid\":\"2\"}','user','223.104.191.239','山东省临沂市',47,'2020-03-09 01:20:56'),(325,2,'查询签到比例',1,'/check','GET','{\"mid\":\"2\"}','user','223.104.191.239','山东省临沂市',5,'2020-03-09 01:23:00'),(326,2,'查询签到情况',1,'/check/2','GET','{\"limit\":\"15\",\"page\":\"1\"}','user','223.104.191.239','山东省临沂市',59,'2020-03-09 01:23:00'),(327,2,'修改签到状态',1,'/check/0/2','PUT','{\"ids[]\":\"46\"}','user','223.104.191.239','山东省临沂市',43,'2020-03-09 01:23:03'),(328,2,'查询签到情况',1,'/check/2','GET','{\"limit\":\"15\",\"page\":\"1\"}','user','223.104.191.239','山东省临沂市',39,'2020-03-09 01:23:06'),(329,2,'查询签到比例',1,'/check','GET','{\"mid\":\"2\"}','user','223.104.191.239','山东省临沂市',43,'2020-03-09 01:23:06'),(330,2,'修改签到状态',1,'/check/0/2','PUT','{\"ids[]\":\"46\"}','user','223.104.191.239','山东省临沂市',31,'2020-03-09 01:25:11'),(331,2,'查询签到比例',1,'/check','GET','{\"mid\":\"2\"}','user','223.104.191.239','山东省临沂市',6,'2020-03-09 01:25:12'),(332,2,'查询签到情况',1,'/check/2','GET','{\"limit\":\"15\",\"page\":\"1\"}','user','223.104.191.239','山东省临沂市',67,'2020-03-09 01:25:13'),(333,2,'查询会议',1,'/meeting','GET','{\"limit\":\"15\",\"page\":\"1\"}','user','223.104.191.239','山东省临沂市',18,'2020-03-09 01:27:21'),(334,2,'修改会议',1,'/meeting','PUT','{\"meetingAddress\":\"北京市 海淀区\",\"meetingName\":\"参数\",\"lng\":\"116.344872\",\"addressName\":\"啊臻味道米粉(五道口店)\",\"startTime\":\"2020-03-09 00:00\",\"information\":\"哒哒\",\"id\":\"2\",\"endTime\":\"2020-03-20 00:00\",\"meetingPhone\":\"15762323410\",\"lat\":\"39.998771\"}','user','223.104.191.239','山东省临沂市',56,'2020-03-09 01:27:29'),(335,2,'查询会议',1,'/meeting','GET','{\"limit\":\"15\",\"page\":\"1\"}','user','223.104.191.239','山东省临沂市',20,'2020-03-09 01:27:30'),(336,2,'查询会议',1,'/meeting','GET','{\"limit\":\"10\",\"page\":\"1\"}','user','223.104.191.239','山东省临沂市',14,'2020-03-09 01:28:06'),(337,2,'查询签到比例',1,'/check','GET','{\"mid\":\"2\"}','user','223.104.191.239','山东省临沂市',24,'2020-03-09 01:28:09'),(338,2,'查询签到情况',1,'/check/2','GET','{\"limit\":\"15\",\"page\":\"1\"}','user','223.104.191.239','山东省临沂市',31,'2020-03-09 01:28:09'),(339,2,'修改签到状态',1,'/check/0/2','PUT','{\"ids[]\":\"46\"}','user','223.104.191.239','山东省临沂市',33,'2020-03-09 01:28:20'),(340,2,'查询签到比例',1,'/check','GET','{\"mid\":\"2\"}','user','223.104.191.239','山东省临沂市',51,'2020-03-09 01:28:21'),(341,2,'查询签到情况',1,'/check/2','GET','{\"limit\":\"15\",\"page\":\"1\"}','user','223.104.191.239','山东省临沂市',64,'2020-03-09 01:28:21'),(342,2,'用户登录',1,'/login','POST','{\"password\":\"密码不可见\",\"captcha\":\"b8us\",\"remember-me\":\"true\",\"username\":\"user\"}','user','223.104.191.239','山东省临沂市',161,'2020-03-09 12:09:12'),(343,2,'查询会议',1,'/meeting','GET','{\"limit\":\"15\",\"page\":\"1\"}','user','223.104.191.239','山东省临沂市',15,'2020-03-09 12:19:17'),(344,2,'修改会议',1,'/meeting','PUT','{\"meetingAddress\":\"山东省 临沂市 莒南县\",\"meetingName\":\"参数\",\"lng\":\"118.764539\",\"addressName\":\"前下河村\",\"startTime\":\"2020-03-09 00:00\",\"information\":\"哒哒\",\"id\":\"2\",\"endTime\":\"2020-03-20 00:00\",\"meetingPhone\":\"15762323410\",\"lat\":\"35.294859\"}','user','223.104.191.239','山东省临沂市',25,'2020-03-09 12:19:33'),(345,2,'查询会议',1,'/meeting','GET','{\"limit\":\"15\",\"page\":\"1\"}','user','223.104.191.239','山东省临沂市',60,'2020-03-09 12:19:35'),(346,2,'查询会议',1,'/meeting','GET','{\"limit\":\"10\",\"page\":\"1\"}','user','223.104.191.239','山东省临沂市',18,'2020-03-09 12:20:54'),(347,2,'查询签到比例',1,'/check','GET','{\"mid\":\"1\"}','user','223.104.191.239','山东省临沂市',8,'2020-03-09 12:20:57'),(348,2,'查询签到情况',1,'/check/1','GET','{\"limit\":\"15\",\"page\":\"1\"}','user','223.104.191.239','山东省临沂市',25,'2020-03-09 12:20:57'),(349,2,'查询会议',1,'/meeting','GET','{\"limit\":\"10\",\"page\":\"1\"}','user','223.104.191.239','山东省临沂市',93,'2020-03-09 12:21:00'),(350,2,'查询签到比例',1,'/check','GET','{\"mid\":\"2\"}','user','223.104.191.239','山东省临沂市',20,'2020-03-09 12:21:03'),(351,2,'查询签到情况',1,'/check/2','GET','{\"limit\":\"15\",\"page\":\"1\"}','user','223.104.191.239','山东省临沂市',24,'2020-03-09 12:21:03'),(352,2,'查看人员信息',1,'/person','GET','{\"limit\":\"15\",\"page\":\"1\"}','user','223.104.191.239','山东省临沂市',23,'2020-03-09 12:21:13'),(353,2,'用户登录',1,'/login','POST','{\"password\":\"密码不可见\",\"captcha\":\"3e9t\",\"remember-me\":\"true\",\"username\":\"user\"}','user','223.104.191.239','山东省临沂市',118,'2020-03-09 12:22:30'),(354,2,'用户登录',1,'/isLife','GET','{}','user','223.104.188.155','山东省临沂市',234,'2020-03-09 19:47:39'),(355,2,'用户登录',1,'/isLife','GET','{}','user','223.104.188.155','山东省临沂市',137,'2020-03-09 20:23:05'),(356,2,'查询会议',1,'/meeting','GET','{\"limit\":\"15\",\"page\":\"1\"}','user','223.104.188.155','山东省临沂市',147,'2020-03-09 20:44:29'),(357,2,'用户登录',1,'/isLife','GET','{}','user','223.104.188.155','山东省临沂市',122,'2020-03-10 10:26:19'),(358,2,'添加会议',1,'/meeting','POST','{\"meetingAddress\":\"北京市 朝阳区\",\"meetingName\":\"周转点\",\"lng\":\"116.48826\",\"addressName\":\"北京JW万豪酒店\",\"startTime\":\"2020-03-10 00:00\",\"information\":\"jkj\",\"endTime\":\"2020-03-12 00:00\",\"meetingPhone\":\"15762323410\",\"lat\":\"39.916363\"}','user','223.104.188.155','山东省临沂市',65,'2020-03-10 10:27:24'),(359,2,'查询会议',1,'/meeting','GET','{\"limit\":\"15\",\"page\":\"1\"}','user','223.104.188.155','山东省临沂市',9,'2020-03-10 10:27:29'),(360,2,'查询会议',1,'/meeting','GET','{\"limit\":\"10\",\"page\":\"1\"}','user','223.104.188.155','山东省临沂市',43,'2020-03-10 10:27:41'),(361,2,'查看人员信息',1,'/person','GET','{\"limit\":\"10\",\"page\":\"1\"}','user','223.104.188.155','山东省临沂市',8,'2020-03-10 10:27:44'),(362,2,'添加人员进入会议',1,'/meeting/person','POST','{\"mid\":\"1\",\"pids\":\"1,2,3,4,5,6,7,8,9,10\"}','user','223.104.188.155','山东省临沂市',57,'2020-03-10 10:27:49'),(363,2,'查询会议',1,'/meeting','GET','{\"limit\":\"10\",\"page\":\"1\"}','user','223.104.188.155','山东省临沂市',11,'2020-03-10 10:27:53'),(364,2,'查询会议',1,'/meeting','GET','{\"limit\":\"10\",\"page\":\"1\"}','user','223.104.188.155','山东省临沂市',16,'2020-03-10 10:28:08'),(365,2,'查询签到比例',1,'/check','GET','{\"mid\":\"3\"}','user','223.104.188.155','山东省临沂市',10,'2020-03-10 10:28:11'),(366,2,'查询签到情况',1,'/check/3','GET','{\"limit\":\"15\",\"page\":\"1\"}','user','223.104.188.155','山东省临沂市',11,'2020-03-10 10:28:12'),(367,2,'修改签到状态',1,'/check/1/3','PUT','{\"ids[]\":\"1\"}','user','223.104.188.155','山东省临沂市',124,'2020-03-10 10:28:21'),(368,2,'查询签到比例',1,'/check','GET','{\"mid\":\"3\"}','user','223.104.188.155','山东省临沂市',15,'2020-03-10 10:28:23'),(369,2,'查询签到情况',1,'/check/3','GET','{\"limit\":\"15\",\"page\":\"1\"}','user','223.104.188.155','山东省临沂市',33,'2020-03-10 10:28:23'),(370,2,'查看人员信息',1,'/person','GET','{\"limit\":\"15\",\"page\":\"1\"}','user','223.104.188.155','山东省临沂市',9,'2020-03-10 10:28:36'),(371,2,'用户登录',1,'/isLife','GET','{}','user','223.104.188.155','山东省临沂市',144,'2020-03-10 16:51:32'),(372,2,'查看人员信息',1,'/person','GET','{\"limit\":\"15\",\"page\":\"1\"}','user','223.104.188.155','山东省临沂市',15,'2020-03-10 16:52:13'),(373,2,'查看人员信息',1,'/person','GET','{\"limit\":\"15\",\"page\":\"3\"}','user','223.104.188.155','山东省临沂市',9,'2020-03-10 16:52:27'),(374,2,'查询会议',1,'/meeting','GET','{\"limit\":\"15\",\"page\":\"1\"}','user','223.104.188.155','山东省临沂市',51,'2020-03-10 16:54:38'),(375,2,'查询会议',1,'/meeting','GET','{\"limit\":\"15\",\"page\":\"1\"}','user','223.104.188.155','山东省临沂市',32,'2020-03-10 17:12:46'),(376,2,'查看人员信息',1,'/person','GET','{\"limit\":\"10\",\"page\":\"1\"}','user','223.104.188.155','山东省临沂市',30,'2020-03-10 17:14:08'),(377,2,'查询会议',1,'/meeting','GET','{\"limit\":\"10\",\"page\":\"1\"}','user','223.104.188.155','山东省临沂市',18,'2020-03-10 17:14:08'),(378,2,'查询会议',1,'/meeting','GET','{\"limit\":\"10\",\"page\":\"1\"}','user','223.104.188.155','山东省临沂市',37,'2020-03-10 17:14:49'),(379,2,'查询签到比例',1,'/check','GET','{\"mid\":\"3\"}','user','223.104.188.155','山东省临沂市',8,'2020-03-10 17:14:52'),(380,2,'查询签到情况',1,'/check/3','GET','{\"limit\":\"15\",\"page\":\"1\"}','user','223.104.188.155','山东省临沂市',30,'2020-03-10 17:14:52'),(381,2,'查询签到情况',1,'/check/3','GET','{\"isCheck\":\"0\",\"limit\":\"15\",\"page\":\"1\"}','user','223.104.188.155','山东省临沂市',19,'2020-03-10 17:15:03'),(382,2,'查询签到情况',1,'/check/3','GET','{\"isCheck\":\"1\",\"limit\":\"15\",\"page\":\"1\"}','user','223.104.188.155','山东省临沂市',9,'2020-03-10 17:15:05'),(383,2,'修改签到状态',1,'/check/1/3','PUT','{\"ids[]\":\"1\"}','user','223.104.188.155','山东省临沂市',27,'2020-03-10 17:15:09'),(384,2,'查询签到比例',1,'/check','GET','{\"mid\":\"3\"}','user','223.104.188.155','山东省临沂市',4,'2020-03-10 17:15:10'),(385,2,'查询签到情况',1,'/check/3','GET','{\"limit\":\"15\",\"page\":\"1\"}','user','223.104.188.155','山东省临沂市',9,'2020-03-10 17:15:10'),(386,2,'修改签到状态',1,'/check/1/3','PUT','{\"ids[]\":\"2\"}','user','223.104.188.155','山东省临沂市',90,'2020-03-10 17:15:15'),(387,2,'查询签到比例',1,'/check','GET','{\"mid\":\"3\"}','user','223.104.188.155','山东省临沂市',14,'2020-03-10 17:15:17'),(388,2,'查询签到情况',1,'/check/3','GET','{\"limit\":\"15\",\"page\":\"1\"}','user','223.104.188.155','山东省临沂市',26,'2020-03-10 17:15:17'),(389,2,'查询签到情况',1,'/check/3','GET','{\"personName\":\"131\",\"limit\":\"15\",\"page\":\"1\"}','user','223.104.188.155','山东省临沂市',41,'2020-03-10 17:15:27'),(390,2,'查询会议',1,'/meeting','GET','{\"limit\":\"10\",\"page\":\"1\"}','user','223.104.188.155','山东省临沂市',15,'2020-03-10 17:15:38'),(391,2,'查询签到比例',1,'/check','GET','{\"mid\":\"3\"}','user','223.104.188.155','山东省临沂市',24,'2020-03-10 17:15:41'),(392,2,'查询签到情况',1,'/check/3','GET','{\"limit\":\"15\",\"page\":\"1\"}','user','223.104.188.155','山东省临沂市',24,'2020-03-10 17:15:41'),(393,2,'查询签到情况',1,'/check/3','GET','{\"personName\":\"下擦\",\"limit\":\"15\",\"page\":\"1\"}','user','223.104.188.155','山东省临沂市',11,'2020-03-10 17:15:52'),(394,2,'查询会议',1,'/meeting','GET','{\"limit\":\"15\",\"page\":\"1\"}','user','223.104.188.155','山东省临沂市',48,'2020-03-10 17:23:55'),(395,2,'查询会议',1,'/meeting','GET','{\"limit\":\"10\",\"page\":\"1\"}','user','223.104.188.155','山东省临沂市',8,'2020-03-10 17:26:19'),(396,2,'查看人员信息',1,'/person','GET','{\"limit\":\"10\",\"page\":\"1\"}','user','223.104.188.155','山东省临沂市',8,'2020-03-10 17:26:21'),(397,2,'查询会议',1,'/meeting','GET','{\"limit\":\"10\",\"page\":\"1\"}','user','223.104.188.155','山东省临沂市',11,'2020-03-10 17:26:25'),(398,2,'查看人员信息',1,'/person','GET','{\"limit\":\"10\",\"page\":\"1\"}','user','223.104.188.155','山东省临沂市',10,'2020-03-10 17:26:35'),(399,2,'查看人员信息',1,'/person','GET','{\"limit\":\"10\",\"page\":\"1\"}','user','223.104.188.155','山东省临沂市',25,'2020-03-10 17:26:37'),(400,2,'查询会议',1,'/meeting','GET','{\"limit\":\"10\",\"page\":\"1\"}','user','223.104.188.155','山东省临沂市',14,'2020-03-10 17:26:58'),(401,2,'批量上传人员',1,'/upload/person','POST','{\"tailor\":\"false\"}','user','223.104.188.155','山东省临沂市',1950,'2020-03-10 17:27:29'),(402,2,'批量上传人员',1,'/upload/person','POST','{\"tailor\":\"false\"}','user','223.104.188.155','山东省临沂市',10,'2020-03-10 17:27:41'),(403,2,'查看人员信息',1,'/person','GET','{\"limit\":\"15\",\"page\":\"1\"}','user','223.104.188.155','山东省临沂市',29,'2020-03-10 17:27:49'),(404,2,'更新人员信息',1,'/person','PUT','{\"personName\":\"你好\",\"isCheck\":\"\",\"addTime\":\"2020-02-15 20:58:31\",\"phone\":\"\",\"addId\":\"2\",\"id\":\"1\",\"uuid\":\"39ff0f13b919420386a3e34677e365f9\",\"url\":\"group1/M00/00/00/rBUAB15H6veAEsH0AABbBXPXLoA50..jpg\"}','user','223.104.188.155','山东省临沂市',41,'2020-03-10 17:28:01'),(405,2,'查看人员信息',1,'/person','GET','{\"limit\":\"15\",\"page\":\"1\"}','user','223.104.188.155','山东省临沂市',6,'2020-03-10 17:28:03'),(406,2,'查询会议',1,'/meeting','GET','{\"limit\":\"15\",\"page\":\"1\"}','user','223.104.188.155','山东省临沂市',6,'2020-03-10 17:28:29'),(407,2,'添加会议',1,'/meeting','POST','{\"meetingAddress\":\"山东省  日照市  东港区  烟台路  \",\"meetingName\":\"测试\",\"lng\":\"119.543318\",\"addressName\":\"日照职业技术学院\",\"startTime\":\"2020-03-11 00:00\",\"information\":\"擦擦\",\"endTime\":\"2020-03-20 00:00\",\"meetingPhone\":\"15762323410\",\"lat\":\"35.468983\"}','user','223.104.188.155','山东省临沂市',37,'2020-03-10 17:31:07'),(408,2,'查询会议',1,'/meeting','GET','{\"limit\":\"15\",\"page\":\"1\"}','user','223.104.188.155','山东省临沂市',7,'2020-03-10 17:31:11'),(409,2,'查询会议',1,'/meeting','GET','{\"limit\":\"10\",\"page\":\"1\"}','user','223.104.188.155','山东省临沂市',34,'2020-03-10 17:33:27'),(410,2,'查看人员信息',1,'/person','GET','{\"limit\":\"10\",\"page\":\"1\"}','user','223.104.188.155','山东省临沂市',7,'2020-03-10 17:33:30'),(411,2,'查看人员信息',1,'/person','GET','{\"limit\":\"70\",\"page\":\"1\"}','user','223.104.188.155','山东省临沂市',16,'2020-03-10 17:33:38'),(412,2,'添加人员进入会议',1,'/meeting/person','POST','{\"mid\":\"4\",\"pids\":\"1,2,3,4,5,6,7,8,9,10,11,12,13,14,15,16,17,18,19,20,21,23,24,25,26,29,31,32,33,37,38,39,41,42,43,44,45,46,47,48,49,50,51,52,53,54,55,56,59,60,63,64,68\"}','user','223.104.188.155','山东省临沂市',137,'2020-03-10 17:33:44'),(413,2,'查询会议',1,'/meeting','GET','{\"limit\":\"10\",\"page\":\"1\"}','user','223.104.188.155','山东省临沂市',16,'2020-03-10 17:34:07'),(414,2,'查询签到比例',1,'/check','GET','{\"mid\":\"4\"}','user','223.104.188.155','山东省临沂市',4,'2020-03-10 17:34:10'),(415,2,'查询签到情况',1,'/check/4','GET','{\"limit\":\"15\",\"page\":\"1\"}','user','223.104.188.155','山东省临沂市',4,'2020-03-10 17:34:11'),(416,2,'修改签到状态',1,'/check/1/4','PUT','{\"ids[]\":\"1\"}','user','223.104.188.155','山东省临沂市',64,'2020-03-10 17:34:20'),(417,2,'查询签到比例',1,'/check','GET','{\"mid\":\"4\"}','user','223.104.188.155','山东省临沂市',4,'2020-03-10 17:34:22'),(418,2,'查询签到情况',1,'/check/4','GET','{\"limit\":\"15\",\"page\":\"1\"}','user','223.104.188.155','山东省临沂市',10,'2020-03-10 17:34:22'),(419,1,'用户登录',1,'/login','POST','{\"password\":\"密码不可见\",\"captcha\":\"c6aq\",\"username\":\"surper\"}','surper','223.104.188.155','山东省临沂市',119,'2020-03-10 17:36:44'),(420,1,'查看所有用户',1,'/user','GET','{\"limit\":\"15\",\"page\":\"1\"}','surper','223.104.188.155','山东省临沂市',28,'2020-03-10 17:36:52'),(421,1,'超管查询日志',1,'/log/all','GET','{\"limit\":\"15\",\"page\":\"1\"}','surper','223.104.188.155','山东省临沂市',30,'2020-03-10 17:37:01'),(422,2,'用户登录',1,'/login','POST','{\"password\":\"密码不可见\",\"captcha\":\"jgbb\",\"username\":\"user\"}','user','223.104.188.155','山东省临沂市',141,'2020-03-10 17:43:38'),(423,2,'查询会议',1,'/meeting','GET','{\"limit\":\"15\",\"page\":\"1\"}','user','223.104.188.155','山东省临沂市',11,'2020-03-10 17:43:49'),(424,2,'修改会议',1,'/meeting','PUT','{\"meetingAddress\":\"山东省 临沂市 莒南县\",\"meetingName\":\"测试\",\"lng\":\"118.764539\",\"addressName\":\"前下河村\",\"startTime\":\"2020-03-11 00:00\",\"information\":\"擦擦\",\"id\":\"4\",\"endTime\":\"2020-03-20 00:00\",\"meetingPhone\":\"15762323410\",\"lat\":\"35.294859\"}','user','223.104.188.155','山东省临沂市',28,'2020-03-10 17:44:05'),(425,2,'查询会议',1,'/meeting','GET','{\"limit\":\"15\",\"page\":\"1\"}','user','223.104.188.155','山东省临沂市',8,'2020-03-10 17:44:07'),(426,2,'修改会议',1,'/meeting','PUT','{\"meetingAddress\":\"山东省 临沂市 莒南县\",\"meetingName\":\"测试\",\"lng\":\"\",\"addressName\":\"前下河村\",\"startTime\":\"2020-03-09 00:00\",\"information\":\"擦擦\",\"id\":\"4\",\"endTime\":\"2020-03-20 00:00\",\"meetingPhone\":\"15762323410\",\"lat\":\"\"}','user','223.104.188.155','山东省临沂市',20,'2020-03-10 17:45:39'),(427,2,'查询会议',1,'/meeting','GET','{\"limit\":\"15\",\"page\":\"1\"}','user','223.104.188.155','山东省临沂市',6,'2020-03-10 17:45:41'),(428,2,'查看人员信息',1,'/person','GET','{\"limit\":\"15\",\"page\":\"1\"}','user','223.104.188.155','山东省临沂市',11,'2020-03-10 17:49:49'),(429,2,'查看人员信息',1,'/person','GET','{\"personName\":\"玮哥\",\"limit\":\"15\",\"page\":\"1\"}','user','223.104.188.155','山东省临沂市',5,'2020-03-10 17:49:56'),(430,2,'更新人员信息',1,'/person','PUT','{\"personName\":\"不知名弟弟\",\"isCheck\":\"\",\"addTime\":\"2020-02-15 20:58:59\",\"phone\":\"15762323410\",\"addId\":\"2\",\"id\":\"46\",\"uuid\":\"df923b479f86407e9d432c8e9343da5c\",\"url\":\"group1/M00/00/00/rBUAB15H6xOAehL7AAHPfKp_qqg50..jpg\"}','user','223.104.188.155','山东省临沂市',21,'2020-03-10 17:50:04'),(431,2,'查看人员信息',1,'/person','GET','{\"limit\":\"15\",\"page\":\"1\"}','user','223.104.188.155','山东省临沂市',6,'2020-03-10 17:50:07'),(432,2,'查看人员信息',1,'/person','GET','{\"limit\":\"15\",\"page\":\"4\"}','user','223.104.188.155','山东省临沂市',6,'2020-03-10 17:50:39'),(433,2,'查看人员信息',1,'/person','GET','{\"limit\":\"15\",\"page\":\"3\"}','user','223.104.188.155','山东省临沂市',19,'2020-03-10 17:50:42'),(434,2,'用户登录',1,'/login','POST','{\"password\":\"密码不可见\",\"captcha\":\"xutc\",\"remember-me\":\"true\",\"username\":\"user\"}','user','223.104.188.155','山东省临沂市',111,'2020-03-10 18:53:27'),(435,2,'批量上传人员',1,'/upload/person','POST','{\"tailor\":\"false\"}','user','223.104.188.155','山东省临沂市',1918,'2020-03-10 18:57:07'),(436,2,'批量上传人员',1,'/upload/person','POST','{\"tailor\":\"false\"}','user','223.104.188.155','山东省临沂市',17,'2020-03-10 18:57:21'),(437,2,'批量上传人员',1,'/upload/person','POST','{\"tailor\":\"false\"}','user','223.104.188.155','山东省临沂市',4,'2020-03-10 18:57:21'),(438,2,'批量上传人员',1,'/upload/person','POST','{\"tailor\":\"false\"}','user','223.104.188.155','山东省临沂市',6,'2020-03-10 18:57:21'),(439,2,'批量上传人员',1,'/upload/person','POST','{\"tailor\":\"false\"}','user','223.104.188.155','山东省临沂市',13,'2020-03-10 18:57:21'),(440,2,'批量上传人员',1,'/upload/person','POST','{\"tailor\":\"false\"}','user','223.104.188.155','山东省临沂市',16,'2020-03-10 18:57:21'),(441,2,'批量上传人员',1,'/upload/person','POST','{\"tailor\":\"false\"}','user','223.104.188.155','山东省临沂市',5,'2020-03-10 18:57:21'),(442,2,'批量上传人员',1,'/upload/person','POST','{\"tailor\":\"false\"}','user','223.104.188.155','山东省临沂市',6,'2020-03-10 18:57:21'),(443,2,'批量上传人员',1,'/upload/person','POST','{\"tailor\":\"false\"}','user','223.104.188.155','山东省临沂市',4,'2020-03-10 18:57:22'),(444,2,'批量上传人员',1,'/upload/person','POST','{\"tailor\":\"false\"}','user','223.104.188.155','山东省临沂市',6,'2020-03-10 18:57:22'),(445,2,'批量上传人员',1,'/upload/person','POST','{\"tailor\":\"false\"}','user','223.104.188.155','山东省临沂市',21,'2020-03-10 18:57:22'),(446,2,'批量上传人员',1,'/upload/person','POST','{\"tailor\":\"false\"}','user','223.104.188.155','山东省临沂市',5,'2020-03-10 18:57:22'),(447,2,'批量上传人员',1,'/upload/person','POST','{\"tailor\":\"false\"}','user','223.104.188.155','山东省临沂市',7,'2020-03-10 18:57:22'),(448,2,'批量上传人员',1,'/upload/person','POST','{\"tailor\":\"false\"}','user','223.104.188.155','山东省临沂市',17,'2020-03-10 18:57:22'),(449,2,'批量上传人员',1,'/upload/person','POST','{\"tailor\":\"false\"}','user','223.104.188.155','山东省临沂市',8,'2020-03-10 18:57:23'),(450,2,'批量上传人员',1,'/upload/person','POST','{\"tailor\":\"false\"}','user','223.104.188.155','山东省临沂市',7,'2020-03-10 18:57:23'),(451,2,'批量上传人员',1,'/upload/person','POST','{\"tailor\":\"false\"}','user','223.104.188.155','山东省临沂市',6,'2020-03-10 18:57:23'),(452,2,'批量上传人员',1,'/upload/person','POST','{\"tailor\":\"false\"}','user','223.104.188.155','山东省临沂市',4,'2020-03-10 18:57:24'),(453,2,'批量上传人员',1,'/upload/person','POST','{\"tailor\":\"false\"}','user','223.104.188.155','山东省临沂市',8,'2020-03-10 18:57:24'),(454,2,'批量上传人员',1,'/upload/person','POST','{\"tailor\":\"false\"}','user','223.104.188.155','山东省临沂市',5,'2020-03-10 18:57:24'),(455,2,'批量上传人员',1,'/upload/person','POST','{\"tailor\":\"false\"}','user','223.104.188.155','山东省临沂市',129,'2020-03-10 18:57:24'),(456,2,'批量上传人员',1,'/upload/person','POST','{\"tailor\":\"false\"}','user','223.104.188.155','山东省临沂市',43,'2020-03-10 18:57:25'),(457,2,'批量上传人员',1,'/upload/person','POST','{\"tailor\":\"false\"}','user','223.104.188.155','山东省临沂市',4,'2020-03-10 18:57:26'),(458,2,'批量上传人员',1,'/upload/person','POST','{\"tailor\":\"false\"}','user','223.104.188.155','山东省临沂市',5,'2020-03-10 18:57:26'),(459,2,'批量上传人员',1,'/upload/person','POST','{\"tailor\":\"false\"}','user','223.104.188.155','山东省临沂市',139,'2020-03-10 18:57:27'),(460,2,'批量上传人员',1,'/upload/person','POST','{\"tailor\":\"false\"}','user','223.104.188.155','山东省临沂市',13,'2020-03-10 18:57:27'),(461,2,'批量上传人员',1,'/upload/person','POST','{\"tailor\":\"false\"}','user','223.104.188.155','山东省临沂市',1833,'2020-03-10 18:57:26'),(462,2,'批量上传人员',1,'/upload/person','POST','{\"tailor\":\"false\"}','user','223.104.188.155','山东省临沂市',1953,'2020-03-10 18:57:26'),(463,2,'批量上传人员',1,'/upload/person','POST','{\"tailor\":\"false\"}','user','223.104.188.155','山东省临沂市',1547,'2020-03-10 18:57:26'),(464,2,'批量上传人员',1,'/upload/person','POST','{\"tailor\":\"false\"}','user','223.104.188.155','山东省临沂市',7,'2020-03-10 18:57:28'),(465,2,'批量上传人员',1,'/upload/person','POST','{\"tailor\":\"false\"}','user','223.104.188.155','山东省临沂市',6,'2020-03-10 18:57:28'),(466,2,'批量上传人员',1,'/upload/person','POST','{\"tailor\":\"false\"}','user','223.104.188.155','山东省临沂市',1532,'2020-03-10 18:57:27'),(467,2,'批量上传人员',1,'/upload/person','POST','{\"tailor\":\"false\"}','user','223.104.188.155','山东省临沂市',1572,'2020-03-10 18:57:27'),(468,2,'批量上传人员',1,'/upload/person','POST','{\"tailor\":\"false\"}','user','223.104.188.155','山东省临沂市',13,'2020-03-10 18:57:30'),(469,2,'批量上传人员',1,'/upload/person','POST','{\"tailor\":\"false\"}','user','223.104.188.155','山东省临沂市',32,'2020-03-10 18:57:30'),(470,2,'批量上传人员',1,'/upload/person','POST','{\"tailor\":\"false\"}','user','223.104.188.155','山东省临沂市',6039,'2020-03-10 18:57:25'),(471,2,'批量上传人员',1,'/upload/person','POST','{\"tailor\":\"false\"}','user','223.104.188.155','山东省临沂市',7,'2020-03-10 18:57:31'),(472,2,'批量上传人员',1,'/upload/person','POST','{\"tailor\":\"false\"}','user','223.104.188.155','山东省临沂市',5,'2020-03-10 18:57:31'),(473,2,'批量上传人员',1,'/upload/person','POST','{\"tailor\":\"false\"}','user','223.104.188.155','山东省临沂市',3575,'2020-03-10 18:57:28'),(474,2,'批量上传人员',1,'/upload/person','POST','{\"tailor\":\"false\"}','user','223.104.188.155','山东省临沂市',6,'2020-03-10 18:57:32'),(475,2,'批量上传人员',1,'/upload/person','POST','{\"tailor\":\"false\"}','user','223.104.188.155','山东省临沂市',4300,'2020-03-10 18:57:28'),(476,2,'批量上传人员',1,'/upload/person','POST','{\"tailor\":\"false\"}','user','223.104.188.155','山东省临沂市',2813,'2020-03-10 18:57:30'),(477,2,'批量上传人员',1,'/upload/person','POST','{\"tailor\":\"false\"}','user','223.104.188.155','山东省临沂市',23,'2020-03-10 18:57:33'),(478,2,'批量上传人员',1,'/upload/person','POST','{\"tailor\":\"false\"}','user','223.104.188.155','山东省临沂市',14,'2020-03-10 18:57:33'),(479,2,'批量上传人员',1,'/upload/person','POST','{\"tailor\":\"false\"}','user','223.104.188.155','山东省临沂市',2955,'2020-03-10 18:57:30'),(480,2,'批量上传人员',1,'/upload/person','POST','{\"tailor\":\"false\"}','user','223.104.188.155','山东省临沂市',5,'2020-03-10 18:57:33'),(481,2,'批量上传人员',1,'/upload/person','POST','{\"tailor\":\"false\"}','user','223.104.188.155','山东省临沂市',8,'2020-03-10 18:57:34'),(482,2,'批量上传人员',1,'/upload/person','POST','{\"tailor\":\"false\"}','user','223.104.188.155','山东省临沂市',1938,'2020-03-10 18:57:32'),(483,2,'批量上传人员',1,'/upload/person','POST','{\"tailor\":\"false\"}','user','223.104.188.155','山东省临沂市',2274,'2020-03-10 18:57:32'),(484,2,'批量上传人员',1,'/upload/person','POST','{\"tailor\":\"false\"}','user','223.104.188.155','山东省临沂市',13,'2020-03-10 18:57:34'),(485,2,'批量上传人员',1,'/upload/person','POST','{\"tailor\":\"false\"}','user','223.104.188.155','山东省临沂市',5,'2020-03-10 18:57:34'),(486,2,'批量上传人员',1,'/upload/person','POST','{\"tailor\":\"false\"}','user','223.104.188.155','山东省临沂市',6,'2020-03-10 18:57:34'),(487,2,'批量上传人员',1,'/upload/person','POST','{\"tailor\":\"false\"}','user','223.104.188.155','山东省临沂市',14,'2020-03-10 18:57:35'),(488,2,'批量上传人员',1,'/upload/person','POST','{\"tailor\":\"false\"}','user','223.104.188.155','山东省临沂市',6,'2020-03-10 18:57:35'),(489,2,'批量上传人员',1,'/upload/person','POST','{\"tailor\":\"false\"}','user','223.104.188.155','山东省临沂市',12,'2020-03-10 18:57:35'),(490,2,'批量上传人员',1,'/upload/person','POST','{\"tailor\":\"false\"}','user','223.104.188.155','山东省临沂市',10,'2020-03-10 18:57:35'),(491,2,'批量上传人员',1,'/upload/person','POST','{\"tailor\":\"false\"}','user','223.104.188.155','山东省临沂市',8,'2020-03-10 18:57:35'),(492,2,'批量上传人员',1,'/upload/person','POST','{\"tailor\":\"false\"}','user','223.104.188.155','山东省临沂市',121,'2020-03-10 18:57:35'),(493,2,'批量上传人员',1,'/upload/person','POST','{\"tailor\":\"false\"}','user','223.104.188.155','山东省临沂市',1742,'2020-03-10 18:57:34'),(494,2,'批量上传人员',1,'/upload/person','POST','{\"tailor\":\"false\"}','user','223.104.188.155','山东省临沂市',4,'2020-03-10 18:57:36'),(495,2,'批量上传人员',1,'/upload/person','POST','{\"tailor\":\"false\"}','user','223.104.188.155','山东省临沂市',8109,'2020-03-10 18:57:29'),(496,2,'批量上传人员',1,'/upload/person','POST','{\"tailor\":\"false\"}','user','223.104.188.155','山东省临沂市',4714,'2020-03-10 18:57:34'),(497,2,'查看人员信息',1,'/person','GET','{\"limit\":\"15\",\"page\":\"1\"}','user','223.104.188.155','山东省临沂市',7,'2020-03-10 18:57:44'),(498,2,'更新人员信息',1,'/person','PUT','{\"personName\":\"你好看\",\"isCheck\":\"\",\"addTime\":\"2020-02-15 20:58:31\",\"phone\":\"\",\"addId\":\"2\",\"id\":\"1\",\"uuid\":\"39ff0f13b919420386a3e34677e365f9\",\"url\":\"group1/M00/00/00/rBUAB15H6veAEsH0AABbBXPXLoA50..jpg\"}','user','223.104.188.155','山东省临沂市',42,'2020-03-10 18:57:50'),(499,2,'查看人员信息',1,'/person','GET','{\"limit\":\"15\",\"page\":\"1\"}','user','223.104.188.155','山东省临沂市',24,'2020-03-10 18:57:52'),(500,2,'添加会议',1,'/meeting','POST','{\"meetingAddress\":\"山东省  日照市  东港区  至爱路  \",\"meetingName\":\"你好\",\"lng\":\"119.547055\",\"addressName\":\"日照职业技术学院\",\"startTime\":\"2020-03-10 00:00\",\"information\":\"啊啊啊\",\"endTime\":\"2020-03-19 00:00\",\"meetingPhone\":\"15762323410\",\"lat\":\"35.467844\"}','user','223.104.188.155','山东省临沂市',135,'2020-03-10 19:00:44'),(501,2,'查询会议',1,'/meeting','GET','{\"limit\":\"15\",\"page\":\"1\"}','user','223.104.188.155','山东省临沂市',13,'2020-03-10 19:00:47'),(502,2,'修改会议',1,'/meeting','PUT','{\"meetingAddress\":\"北京市 朝阳区\",\"meetingName\":\"cce\",\"lng\":\"116.423272\",\"addressName\":\"中国安全生产科学研究院(惠新西街)\",\"startTime\":\"2020-02-15 00:00\",\"information\":\"大苏打多所\",\"id\":\"1\",\"endTime\":\"2020-02-28 00:00\",\"meetingPhone\":\"15762323410\",\"lat\":\"39.990658\"}','user','223.104.188.155','山东省临沂市',34,'2020-03-10 19:01:01'),(503,2,'查询会议',1,'/meeting','GET','{\"limit\":\"15\",\"page\":\"1\"}','user','223.104.188.155','山东省临沂市',9,'2020-03-10 19:01:03'),(504,2,'查询会议',1,'/meeting','GET','{\"limit\":\"10\",\"page\":\"1\"}','user','223.104.188.155','山东省临沂市',23,'2020-03-10 19:02:00'),(505,2,'查看人员信息',1,'/person','GET','{\"limit\":\"10\",\"page\":\"1\"}','user','223.104.188.155','山东省临沂市',14,'2020-03-10 19:02:07'),(506,2,'添加人员进入会议',1,'/meeting/person','POST','{\"mid\":\"5\",\"pids\":\"1,2,3,4,5,6,7,8,9,10\"}','user','223.104.188.155','山东省临沂市',28,'2020-03-10 19:02:13'),(507,2,'查询会议',1,'/meeting','GET','{\"limit\":\"10\",\"page\":\"1\"}','user','223.104.188.155','山东省临沂市',33,'2020-03-10 19:02:32'),(508,2,'查询签到比例',1,'/check','GET','{\"mid\":\"2\"}','user','223.104.188.155','山东省临沂市',6,'2020-03-10 19:02:35'),(509,2,'查询签到情况',1,'/check/2','GET','{\"limit\":\"15\",\"page\":\"1\"}','user','223.104.188.155','山东省临沂市',4,'2020-03-10 19:02:35'),(510,2,'查询会议',1,'/meeting','GET','{\"limit\":\"10\",\"page\":\"1\"}','user','223.104.188.155','山东省临沂市',9,'2020-03-10 19:02:37'),(511,2,'查询签到比例',1,'/check','GET','{\"mid\":\"4\"}','user','223.104.188.155','山东省临沂市',7,'2020-03-10 19:02:39'),(512,2,'查询签到情况',1,'/check/4','GET','{\"limit\":\"15\",\"page\":\"1\"}','user','223.104.188.155','山东省临沂市',10,'2020-03-10 19:02:39'),(513,2,'修改签到状态',1,'/check/0/4','PUT','{\"ids[]\":\"1\"}','user','223.104.188.155','山东省临沂市',24,'2020-03-10 19:02:48'),(514,2,'查询签到比例',1,'/check','GET','{\"mid\":\"4\"}','user','223.104.188.155','山东省临沂市',29,'2020-03-10 19:02:49'),(515,2,'查询签到情况',1,'/check/4','GET','{\"limit\":\"15\",\"page\":\"1\"}','user','223.104.188.155','山东省临沂市',31,'2020-03-10 19:02:49'),(516,2,'用户登录',1,'/login','POST','{\"password\":\"密码不可见\",\"captcha\":\"acms\",\"remember-me\":\"true\",\"username\":\"user\"}','user','223.104.188.155','山东省临沂市',118,'2020-03-10 19:03:14'),(517,1,'用户登录',1,'/login','POST','{\"password\":\"密码不可见\",\"captcha\":\"4blf\",\"remember-me\":\"true\",\"username\":\"surper\"}','surper','223.104.188.155','山东省临沂市',121,'2020-03-10 19:03:47'),(518,1,'查看所有用户',1,'/user','GET','{\"limit\":\"15\",\"page\":\"1\"}','surper','223.104.188.155','山东省临沂市',55,'2020-03-10 19:03:55'),(519,1,'超管查询日志',1,'/log/all','GET','{\"limit\":\"15\",\"page\":\"1\"}','surper','223.104.188.155','山东省临沂市',6,'2020-03-10 19:03:58'),(520,2,'用户登录',1,'/login','POST','{\"password\":\"密码不可见\",\"captcha\":\"g9fe\",\"username\":\"user\"}','user','223.104.188.155','山东省临沂市',109,'2020-03-10 19:08:16'),(521,2,'查询会议',1,'/meeting','GET','{\"limit\":\"15\",\"page\":\"1\"}','user','223.104.188.155','山东省临沂市',17,'2020-03-10 19:08:26'),(522,2,'修改会议',1,'/meeting','PUT','{\"meetingAddress\":\"山东省 临沂市 莒南县\",\"meetingName\":\"你好\",\"lng\":\"118.764539\",\"addressName\":\"前下河村\",\"startTime\":\"2020-03-10 00:00\",\"information\":\"啊啊啊\",\"id\":\"5\",\"endTime\":\"2020-03-19 00:00\",\"meetingPhone\":\"15762323410\",\"lat\":\"35.294859\"}','user','223.104.188.155','山东省临沂市',44,'2020-03-10 19:08:46'),(523,2,'查询会议',1,'/meeting','GET','{\"limit\":\"15\",\"page\":\"1\"}','user','223.104.188.155','山东省临沂市',11,'2020-03-10 19:08:47'),(524,2,'查询会议',1,'/meeting','GET','{\"limit\":\"10\",\"page\":\"1\"}','user','223.104.188.155','山东省临沂市',7,'2020-03-10 19:09:41'),(525,2,'查询签到比例',1,'/check','GET','{\"mid\":\"5\"}','user','223.104.188.155','山东省临沂市',3,'2020-03-10 19:09:44'),(526,2,'查询签到情况',1,'/check/5','GET','{\"limit\":\"15\",\"page\":\"1\"}','user','223.104.188.155','山东省临沂市',5,'2020-03-10 19:09:44'),(527,2,'查询签到情况',1,'/check/5','GET','{\"isCheck\":\"1\",\"limit\":\"15\",\"page\":\"1\"}','user','223.104.188.155','山东省临沂市',6,'2020-03-10 19:09:48'),(528,2,'查看人员信息',1,'/person','GET','{\"limit\":\"15\",\"page\":\"1\"}','user','223.104.188.155','山东省临沂市',6,'2020-03-10 19:12:19'),(529,2,'查看人员信息',1,'/person','GET','{\"limit\":\"15\",\"page\":\"4\"}','user','223.104.188.155','山东省临沂市',19,'2020-03-10 19:12:21'),(530,2,'查看人员信息',1,'/person','GET','{\"limit\":\"15\",\"page\":\"3\"}','user','223.104.188.155','山东省临沂市',6,'2020-03-10 19:12:23'),(531,2,'查看人员信息',1,'/person','GET','{\"limit\":\"15\",\"page\":\"4\"}','user','223.104.188.155','山东省临沂市',6,'2020-03-10 19:12:27'),(532,2,'查看人员信息',1,'/person','GET','{\"limit\":\"15\",\"page\":\"3\"}','user','223.104.188.155','山东省临沂市',6,'2020-03-10 19:12:30'),(533,2,'查看人员信息',1,'/person','GET','{\"limit\":\"15\",\"page\":\"4\"}','user','223.104.188.155','山东省临沂市',5,'2020-03-10 19:12:32'),(534,2,'查看人员信息',1,'/person','GET','{\"limit\":\"15\",\"page\":\"3\"}','user','223.104.188.155','山东省临沂市',5,'2020-03-10 19:12:34'),(535,2,'用户登录',1,'/login','POST','{\"password\":\"密码不可见\",\"captcha\":\"c9lt\",\"username\":\"user\"}','user','223.104.185.143','山东省临沂市',819,'2020-03-21 23:35:47'),(536,2,'用户登录',1,'/login','POST','{\"password\":\"密码不可见\",\"captcha\":\"c9lt\",\"username\":\"user\"}','user','223.104.185.143','山东省临沂市',176,'2020-03-21 23:35:48'),(537,2,'查询会议',1,'/meeting','GET','{\"limit\":\"15\",\"page\":\"1\"}','user','223.104.185.143','山东省临沂市',430,'2020-03-21 23:35:56'),(538,2,'查看人员信息',1,'/person','GET','{\"limit\":\"15\",\"page\":\"1\"}','user','223.104.185.143','山东省临沂市',112,'2020-03-21 23:36:00'),(539,1,'用户登录',1,'/login','POST','{\"password\":\"密码不可见\",\"captcha\":\"ukdp\",\"username\":\"surper\"}','surper','223.104.185.143','山东省临沂市',151,'2020-03-21 23:37:24'),(540,1,'查看所有用户',1,'/user','GET','{\"limit\":\"15\",\"page\":\"1\"}','surper','223.104.185.143','山东省临沂市',48,'2020-03-21 23:37:31'),(541,1,'用户登录',1,'/login','POST','{\"password\":\"密码不可见\",\"captcha\":\"3kv2\",\"username\":\"surper\"}','surper','223.104.185.143','山东省临沂市',198,'2020-03-21 23:43:31'),(542,1,'查看所有用户',1,'/user','GET','{\"limit\":\"15\",\"page\":\"1\"}','surper','223.104.185.143','山东省临沂市',20,'2020-03-21 23:43:55'),(543,1,'查看所有用户',1,'/user','GET','{\"limit\":\"15\",\"page\":\"1\"}','surper','223.104.185.143','山东省临沂市',56,'2020-03-21 23:44:07'),(544,2,'用户登录',1,'/login','POST','{\"password\":\"密码不可见\",\"captcha\":\"8V4A\",\"username\":\"user\"}','user','27.221.192.94','山东省潍坊市',203,'2020-03-25 21:20:16'),(545,2,'用户登录',1,'/login','POST','{\"password\":\"密码不可见\",\"captcha\":\"rc7m\",\"username\":\"user\"}','user','27.221.192.94','山东省潍坊市',135,'2020-03-25 21:50:37'),(546,2,'查看人员信息',1,'/person','GET','{\"limit\":\"15\",\"page\":\"1\"}','user','27.221.192.94','山东省潍坊市',38,'2020-03-25 21:50:51'),(547,2,'查询会议',1,'/meeting','GET','{\"limit\":\"15\",\"page\":\"1\"}','user','27.221.192.94','山东省潍坊市',76,'2020-03-25 21:51:08'),(548,1,'用户登录',1,'/login','POST','{\"password\":\"密码不可见\",\"captcha\":\"8dff\",\"username\":\"surper\"}','surper','117.136.95.105','山东省临沂市',210,'2020-04-02 18:27:44'),(549,1,'超管查询日志',1,'/log/all','GET','{\"limit\":\"15\",\"page\":\"1\"}','surper','117.136.95.105','山东省临沂市',54,'2020-04-02 18:27:52'),(550,1,'超管查询日志',1,'/log/all','GET','{\"limit\":\"15\",\"page\":\"32\"}','surper','117.136.95.105','山东省临沂市',43,'2020-04-02 18:27:54'),(551,1,'超管查询日志',1,'/log/all','GET','{\"limit\":\"15\",\"page\":\"31\"}','surper','117.136.95.105','山东省临沂市',31,'2020-04-02 18:28:02'),(552,1,'超管查询日志',1,'/log/all','GET','{\"limit\":\"15\",\"page\":\"30\"}','surper','117.136.95.105','山东省临沂市',14,'2020-04-02 18:28:13'),(553,1,'超管查询日志',1,'/log/all','GET','{\"limit\":\"15\",\"page\":\"29\"}','surper','117.136.95.105','山东省临沂市',44,'2020-04-02 18:28:15'),(554,2,'用户登录',1,'/login','POST','{\"password\":\"密码不可见\",\"captcha\":\"2T5Y\",\"username\":\"user \"}','user','39.72.198.252','山东省日照市',177,'2020-04-03 12:04:11'),(555,1,'用户登录',1,'/login','POST','{\"password\":\"密码不可见\",\"captcha\":\"F7W2\",\"username\":\"surper\"}','surper','39.72.198.252','山东省日照市',139,'2020-04-03 12:10:51'),(556,1,'查看所有用户',1,'/user','GET','{\"limit\":\"15\",\"page\":\"1\"}','surper','39.72.198.252','山东省日照市',16,'2020-04-03 12:11:01'),(557,2,'用户登录',1,'/login','POST','{\"password\":\"密码不可见\",\"captcha\":\"7x6r\",\"username\":\"user\"}','user','221.0.77.146','山东省烟台市',166,'2020-04-04 23:46:39'),(558,2,'查看人员信息',1,'/person','GET','{\"limit\":\"15\",\"page\":\"1\"}','user','221.0.77.146','山东省烟台市',40,'2020-04-04 23:46:59'),(559,2,'查询会议',1,'/meeting','GET','{\"limit\":\"15\",\"page\":\"1\"}','user','221.0.77.146','山东省烟台市',18,'2020-04-04 23:47:15'),(560,1,'用户登录',1,'/login','POST','{\"password\":\"密码不可见\",\"captcha\":\"rlej\",\"username\":\"surper\"}','surper','223.104.188.177','山东省临沂市',157,'2020-04-05 19:26:17'),(561,1,'超管查询日志',1,'/log/all','GET','{\"limit\":\"15\",\"page\":\"1\"}','surper','223.104.188.177','山东省临沂市',16,'2020-04-05 19:26:28'),(562,1,'超管查询日志',1,'/log/all','GET','{\"limit\":\"15\",\"page\":\"32\"}','surper','223.104.188.177','山东省临沂市',18,'2020-04-05 19:26:31'),(563,2,'用户登录',1,'/login','POST','{\"password\":\"密码不可见\",\"captcha\":\"tt37\",\"username\":\"user\"}','user','223.104.188.177','山东省临沂市',214,'2020-04-05 19:28:34'),(564,2,'用户登录',1,'/login','POST','{\"password\":\"密码不可见\",\"captcha\":\"tt37\",\"username\":\"user\"}','user','223.104.188.177','山东省临沂市',133,'2020-04-05 19:28:34'),(565,2,'查看人员信息',1,'/person','GET','{\"limit\":\"15\",\"page\":\"1\"}','user','223.104.188.177','山东省临沂市',16,'2020-04-05 19:28:50'),(566,2,'查询会议',1,'/meeting','GET','{\"limit\":\"15\",\"page\":\"1\"}','user','223.104.188.177','山东省临沂市',43,'2020-04-05 19:29:01');

/*!40101 SET SQL_MODE=@OLD_SQL_MODE */;
/*!40014 SET FOREIGN_KEY_CHECKS=@OLD_FOREIGN_KEY_CHECKS */;
/*!40014 SET UNIQUE_CHECKS=@OLD_UNIQUE_CHECKS */;
/*!40111 SET SQL_NOTES=@OLD_SQL_NOTES */;
